sales_person,country,product,date,amount,boxes_shipped,z_score_amount,month,year
Jehu Rudeforth,UK,Mint Chip Choco,2022-01-04,5320.0,180,-0.08103954290413319,1,2022
Van Tuxwell,India,85% Dark Bars,2022-08-01,7896.0,94,0.5471663232143,8,2022
Gigi Bohling,India,Peanut Butter Cubes,2022-07-07,4501.0,91,-0.2807680383820046,7,2022
Jan Morforth,Australia,Peanut Butter Cubes,2022-04-27,12726.0,342,1.7250523221863623,4,2022
Jehu Rudeforth,UK,Peanut Butter Cubes,2022-02-24,13685.0,184,1.958922440822844,2,2022
Van Tuxwell,India,Smooth Sliky Salty,2022-06-06,5376.0,38,-0.06738289364068899,6,2022
Oby Sorrel,UK,99% Dark & Pure,2022-01-25,13685.0,176,1.958922440822844,1,2022
Gunar Cockshoot,Australia,After Nines,2022-03-24,3080.0,73,-0.6273055134419012,3,2022
Jehu Rudeforth,New Zealand,50% Dark Bites,2022-04-20,3990.0,59,-0.40538496291093296,4,2022
Brien Boise,Australia,99% Dark & Pure,2022-07-04,2835.0,102,-0.6870533539694695,7,2022
Rafaelita Blaksland,UK,Smooth Sliky Salty,2022-01-13,4704.0,62,-0.2312626848020194,1,2022
Barr Faughny,USA,Orange Choco,2022-03-10,3703.0,11,-0.47537529038608445,3,2022
Mallorie Waber,Canada,Eclairs,2022-01-13,1442.0,286,-1.026762504397644,1,2022
Karlen McCaffrey,New Zealand,Drinking Coco,2022-07-28,168.0,156,-1.3374512751409995,7,2022
Marney O'Breen,New Zealand,Peanut Butter Cubes,2022-08-03,8379.0,173,0.6649549231115063,8,2022
Beverie Moffet,Australia,Organic Choco Syrup,2022-01-26,6790.0,356,0.27744750026127707,1,2022
Van Tuxwell,Canada,Organic Choco Syrup,2022-02-14,4067.0,42,-0.38660707017369716,2,2022
Roddy Speechley,USA,Smooth Sliky Salty,2022-04-05,3017.0,140,-0.642669243863276,4,2022
Beverie Moffet,Canada,Milk Bars,2022-02-16,8799.0,250,0.7673797925873377,2,2022
Curtice Advani,UK,85% Dark Bars,2022-06-08,1085.0,172,-1.1138236434521007,6,2022
Brien Boise,Australia,Eclairs,2022-06-27,6888.0,88,0.3013466364723044,6,2022
Gunar Cockshoot,USA,Spicy Special Slims,2022-02-17,1267.0,157,-1.0694395333459072,2,2022
Marney O'Breen,USA,After Nines,2022-05-30,4753.0,163,-0.21931311669650572,5,2022
Husein Augar,UK,Drinking Coco,2022-03-14,3003.0,113,-0.646083406179137,3,2022
Kaine Padly,Australia,Eclairs,2022-02-28,7672.0,115,0.4925397261605232,2,2022
Karlen McCaffrey,India,Fruit & Nut Bars,2022-01-26,168.0,321,-1.3374512751409995,1,2022
Roddy Speechley,Canada,Spicy Special Slims,2022-02-09,1652.0,186,-0.9755500696597282,2,2022
Husein Augar,USA,Eclairs,2022-07-07,4025.0,112,-0.3968495571212803,7,2022
Dennison Crosswaite,New Zealand,White Choc,2022-07-05,9492.0,151,0.9363808272224597,7,2022
Dennison Crosswaite,New Zealand,Manuka Honey Choco,2022-06-15,5061.0,301,-0.1442015457475626,6,2022
Van Tuxwell,New Zealand,85% Dark Bars,2022-05-24,1722.0,121,-0.958479258080423,5,2022
Rafaelita Blaksland,UK,99% Dark & Pure,2022-06-29,12446.0,150,1.6567690758691413,6,2022
Wilone O'Kielt,Australia,Manuka Honey Choco,2022-05-11,4284.0,94,-0.3336875542778509,5,2022
Karlen McCaffrey,UK,Almond Choco,2022-06-30,6839.0,133,0.28939706836679074,6,2022
Andria Kimpton,Canada,After Nines,2022-05-11,2163.0,70,-0.8509331451308,5,2022
Roddy Speechley,USA,Manuka Honey Choco,2022-07-22,9583.0,315,0.9585728822755565,7,2022
Andria Kimpton,UK,50% Dark Bites,2022-08-24,2653.0,314,-0.7314374640756632,8,2022
Kelci Walkden,New Zealand,After Nines,2022-07-07,147.0,72,-1.3425725186147912,7,2022
Camilla Castle,Australia,85% Dark Bars,2022-05-19,3654.0,14,-0.4873248584915981,5,2022
Karlen McCaffrey,India,Manuka Honey Choco,2022-07-04,2443.0,581,-0.7826498988135789,7,2022
Kelci Walkden,USA,After Nines,2022-06-02,938.0,16,-1.149672347768642,6,2022
Karlen McCaffrey,USA,Raspberry Choco,2022-04-15,14749.0,354,2.218398776828284,4,2022
Mallorie Waber,Canada,Choco Coated Almonds,2022-07-11,4781.0,241,-0.2124847920647836,7,2022
Andria Kimpton,India,Spicy Special Slims,2022-02-23,6307.0,142,0.15965890036407085,2,2022
Madelene Upcott,Canada,Almond Choco,2022-08-22,7602.0,102,0.475468914581218,8,2022
Kaine Padly,USA,Peanut Butter Cubes,2022-02-16,6790.0,188,0.27744750026127707,2,2022
Van Tuxwell,USA,50% Dark Bites,2022-01-13,9737.0,160,0.9961286677500281,1,2022
Curtice Advani,Australia,Milk Bars,2022-02-14,6979.0,18,0.3235386915254012,2,2022
Roddy Speechley,India,Eclairs,2022-06-10,4382.0,303,-0.30978841806682356,6,2022
Curtice Advani,India,Fruit & Nut Bars,2022-07-07,5243.0,176,-0.09981743564136895,7,2022
Curtice Advani,Canada,Almond Choco,2022-03-24,4865.0,70,-0.1919998181696173,3,2022
Brien Boise,Australia,Fruit & Nut Bars,2022-06-06,8575.0,23,0.712753195533561,6,2022
Dotty Strutley,Australia,Drinking Coco,2022-07-19,91.0,135,-1.3562291678782354,7,2022
Beverie Moffet,USA,Raspberry Choco,2022-04-19,14798.0,83,2.2303483449337977,4,2022
Marney O'Breen,India,85% Dark Bars,2022-07-19,2205.0,179,-0.8406906581832168,7,2022
Jehu Rudeforth,Canada,Drinking Coco,2022-07-15,441.0,24,-1.270875109981709,7,2022
Ches Bonnell,New Zealand,Spicy Special Slims,2022-02-14,3556.0,18,-0.5112239947026255,2,2022
Brien Boise,Canada,99% Dark & Pure,2022-05-18,16793.0,416,2.7168664749439975,5,2022
Barr Faughny,Australia,Fruit & Nut Bars,2022-06-30,15421.0,55,2.382278567989615,6,2022
Andria Kimpton,Australia,50% Dark Bites,2022-06-02,4438.0,227,-0.2961317688033793,6,2022
Andria Kimpton,Australia,Drinking Coco,2022-06-28,1603.0,48,-0.987499637765242,6,2022
Marney O'Breen,Australia,Organic Choco Syrup,2022-05-16,273.0,174,-1.3118450577720417,5,2022
Kelci Walkden,Canada,Baker's Choco Chips,2022-05-26,3073.0,302,-0.6290125945998317,5,2022
Karlen McCaffrey,India,Almond Choco,2022-07-06,6090.0,149,0.10673938446822456,7,2022
Oby Sorrel,India,99% Dark & Pure,2022-05-27,10255.0,11,1.122452673436887,5,2022
Wilone O'Kielt,Australia,Caramel Stuffed Bars,2022-04-14,2030.0,11,-0.88336768713148,4,2022
Van Tuxwell,Australia,Organic Choco Syrup,2022-08-10,19453.0,14,3.365557314957597,8,2022
Camilla Castle,India,50% Dark Bites,2022-07-04,9275.0,411,0.8834613113266134,7,2022
Oby Sorrel,India,Organic Choco Syrup,2022-07-08,6181.0,56,0.12893143952132138,7,2022
Jan Morforth,USA,Peanut Butter Cubes,2022-07-22,9037.0,102,0.8254205519569756,7,2022
Gigi Bohling,USA,Choco Coated Almonds,2022-03-02,12313.0,103,1.6243345338684612,3,2022
Gigi Bohling,UK,Almond Choco,2022-01-10,5642.0,9,-0.002513809639329036,1,2022
Jehu Rudeforth,New Zealand,White Choc,2022-03-11,2800.0,241,-0.6955887597591222,3,2022
Andria Kimpton,New Zealand,Peanut Butter Cubes,2022-06-20,959.0,265,-1.1445511042948502,6,2022
Van Tuxwell,UK,Organic Choco Syrup,2022-08-26,2002.0,214,-0.8901960117632021,8,2022
Roddy Speechley,Canada,Milk Bars,2022-07-13,609.0,32,-1.2299051621913766,7,2022
Camilla Castle,USA,Spicy Special Slims,2022-02-11,1274.0,244,-1.0677324521879765,2,2022
Marney O'Breen,USA,Orange Choco,2022-01-27,7595.0,181,0.4737618334232874,1,2022
Van Tuxwell,UK,99% Dark & Pure,2022-01-31,4725.0,137,-0.2261414413282278,1,2022
Camilla Castle,USA,White Choc,2022-08-18,9681.0,24,0.9824720184865838,8,2022
Andria Kimpton,USA,Raspberry Choco,2022-06-30,14504.0,21,2.158650936300716,6,2022
Dotty Strutley,Australia,Fruit & Nut Bars,2022-08-23,280.0,311,-1.3101379766141112,8,2022
Brien Boise,New Zealand,Mint Chip Choco,2022-08-01,63.0,181,-1.3630574925099574,8,2022
Roddy Speechley,New Zealand,After Nines,2022-05-25,8001.0,10,0.5727725405832579,5,2022
Roddy Speechley,Canada,Organic Choco Syrup,2022-01-10,4032.0,82,-0.3951424759633498,1,2022
Dennison Crosswaite,Australia,70% Dark Bites,2022-02-07,5859.0,108,0.05040570625651724,2,2022
Karlen McCaffrey,USA,Orange Choco,2022-05-12,11095.0,401,1.32730241238855,5,2022
Madelene Upcott,Australia,Spicy Special Slims,2022-03-07,7182.0,408,0.37304404510538647,3,2022
Dennison Crosswaite,Australia,85% Dark Bars,2022-04-05,6881.0,420,0.29963955531437386,4,2022
Andria Kimpton,Canada,Caramel Stuffed Bars,2022-01-03,7154.0,348,0.36621572047366435,1,2022
Dennison Crosswaite,UK,Eclairs,2022-03-24,6188.0,270,0.1306385206792519,3,2022
Madelene Upcott,India,Raspberry Choco,2022-07-07,4221.0,9,-0.3490512846992256,7,2022
Van Tuxwell,USA,After Nines,2022-07-26,630.0,264,-1.2247839187175849,7,2022
Wilone O'Kielt,Australia,Organic Choco Syrup,2022-07-07,1743.0,111,-0.9533580146066315,7,2022
Karlen McCaffrey,Canada,50% Dark Bites,2022-07-15,2919.0,65,-0.6665683800743033,7,2022
Roddy Speechley,New Zealand,Orange Choco,2022-04-01,49.0,97,-1.3664716548258184,4,2022
Beverie Moffet,Australia,Eclairs,2022-06-20,1827.0,6,-0.9328730407114652,6,2022
Kelci Walkden,UK,Fruit & Nut Bars,2022-06-29,13006.0,482,1.7933355685035832,6,2022
Marney O'Breen,USA,50% Dark Bites,2022-06-15,1064.0,106,-1.1189448869258924,6,2022
Husein Augar,USA,After Nines,2022-04-08,11571.0,180,1.4433839311278256,4,2022
Dennison Crosswaite,Australia,Raspberry Choco,2022-03-14,5740.0,31,0.021385326571698313,3,2022
Andria Kimpton,USA,Fruit & Nut Bars,2022-07-15,1456.0,359,-1.023348342081783,7,2022
Kelci Walkden,India,Eclairs,2022-04-19,5334.0,80,-0.07762538058827213,4,2022
Marney O'Breen,USA,99% Dark & Pure,2022-03-28,4151.0,296,-0.3661220962785309,3,2022
Brien Boise,Canada,Spicy Special Slims,2022-03-04,8106.0,101,0.5983787579522157,3,2022
Karlen McCaffrey,New Zealand,70% Dark Bites,2022-08-02,126.0,40,-1.3476937620885827,8,2022
Husein Augar,UK,Spicy Special Slims,2022-08-25,4697.0,42,-0.23296976595994992,8,2022
Marney O'Breen,USA,Almond Choco,2022-02-25,7798.0,167,0.5232671870032727,2,2022
Kelci Walkden,India,Orange Choco,2022-06-07,9408.0,138,0.9158958533272934,6,2022
Jan Morforth,India,Spicy Special Slims,2022-04-12,1939.0,520,-0.9055597421845768,4,2022
Ches Bonnell,India,Spicy Special Slims,2022-07-06,10906.0,94,1.2812112211244258,7,2022
Kelci Walkden,UK,Smooth Sliky Salty,2022-01-19,5929.0,175,0.0674765178358225,1,2022
Madelene Upcott,Australia,Fruit & Nut Bars,2022-01-05,5579.0,92,-0.017877540060703762,1,2022
Madelene Upcott,Canada,70% Dark Bites,2022-01-24,10927.0,141,1.2863324645982173,1,2022
Wilone O'Kielt,Australia,Drinking Coco,2022-04-06,623.0,283,-1.2264909998755154,4,2022
Gunar Cockshoot,Australia,Fruit & Nut Bars,2022-06-15,6013.0,21,0.08796149173098879,6,2022
Gigi Bohling,Canada,Baker's Choco Chips,2022-01-28,1505.0,47,-1.0113987739762693,1,2022
Kelci Walkden,India,Caramel Stuffed Bars,2022-03-16,476.0,125,-1.2623397041920565,3,2022
Rafaelita Blaksland,Australia,Drinking Coco,2022-02-21,11550.0,396,1.438262687654034,2,2022
Kelci Walkden,USA,Manuka Honey Choco,2022-02-16,17318.0,87,2.844897561788787,2,2022
Jehu Rudeforth,Canada,Spicy Special Slims,2022-01-13,1848.0,27,-0.9277517972376735,1,2022
Kelci Walkden,Australia,Eclairs,2022-03-23,7273.0,547,0.39523610015848326,3,2022
Curtice Advani,Canada,Spicy Special Slims,2022-06-16,854.0,118,-1.1701573216638081,6,2022
Oby Sorrel,India,Raspberry Choco,2022-04-14,6832.0,46,0.2876899872088602,4,2022
Kelci Walkden,UK,Eclairs,2022-01-25,4606.0,57,-0.25516182101304674,1,2022
Jan Morforth,India,Almond Choco,2022-03-11,4466.0,22,-0.2893034441716572,3,2022
Dotty Strutley,UK,Almond Choco,2022-07-28,16114.0,96,2.5512796026247364,7,2022
Marney O'Breen,New Zealand,After Nines,2022-03-09,1561.0,44,-0.9977421247128251,3,2022
Husein Augar,Australia,Orange Choco,2022-06-28,8897.0,188,0.791278928798365,6,2022
Marney O'Breen,Australia,Milk Bars,2022-07-28,2464.0,387,-0.7775286553397873,7,2022
Kelci Walkden,Canada,99% Dark & Pure,2022-08-15,4830.0,50,-0.20053522395926993,8,2022
Kaine Padly,Australia,Manuka Honey Choco,2022-01-12,2765.0,264,-0.7041241655487748,1,2022
Beverie Moffet,New Zealand,White Choc,2022-03-24,7126.0,7,0.35938739584194224,3,2022
Van Tuxwell,UK,Milk Bars,2022-07-25,4263.0,90,-0.33880879775164247,7,2022
Oby Sorrel,Canada,99% Dark & Pure,2022-08-01,3605.0,403,-0.4992744265971118,8,2022
Van Tuxwell,India,Organic Choco Syrup,2022-05-16,19929.0,174,3.4816388336968727,5,2022
Roddy Speechley,India,Smooth Sliky Salty,2022-08-10,5103.0,140,-0.13395905879997946,8,2022
Jan Morforth,India,Eclairs,2022-01-05,2541.0,27,-0.7587507626025516,1,2022
Ches Bonnell,UK,Smooth Sliky Salty,2022-07-11,5663.0,110,0.002607433834462539,7,2022
Wilone O'Kielt,USA,After Nines,2022-04-25,392.0,30,-1.2828246780872228,4,2022
Gigi Bohling,New Zealand,Fruit & Nut Bars,2022-04-04,10976.0,121,1.298282032703731,4,2022
Barr Faughny,USA,Raspberry Choco,2022-04-12,9282.0,101,0.8851683924845439,4,2022
Wilone O'Kielt,New Zealand,85% Dark Bars,2022-08-02,1827.0,117,-0.9328730407114652,8,2022
Gigi Bohling,New Zealand,Manuka Honey Choco,2022-06-28,8267.0,272,0.6376416245846178,6,2022
Ches Bonnell,Australia,Eclairs,2022-07-05,4116.0,128,-0.3746575020681835,7,2022
Rafaelita Blaksland,New Zealand,Choco Coated Almonds,2022-06-07,2093.0,45,-0.8680039567101052,6,2022
Brien Boise,New Zealand,Smooth Sliky Salty,2022-01-18,1015.0,27,-1.130894455031406,1,2022
Brien Boise,Australia,Baker's Choco Chips,2022-01-04,12516.0,212,1.6738398874484466,1,2022
Dennison Crosswaite,Australia,99% Dark & Pure,2022-01-31,2758.0,18,-0.7058312467067053,1,2022
Kelci Walkden,India,Almond Choco,2022-03-14,3297.0,149,-0.5743859975460549,3,2022
Camilla Castle,Australia,70% Dark Bites,2022-04-29,6048.0,477,0.09649689752064142,4,2022
Oby Sorrel,India,Smooth Sliky Salty,2022-02-07,10101.0,108,1.0848968879624155,2,2022
Kaine Padly,UK,Organic Choco Syrup,2022-03-31,2282.0,178,-0.821912765445981,3,2022
Marney O'Breen,India,Caramel Stuffed Bars,2022-03-16,4361.0,81,-0.3149096615406151,3,2022
Karlen McCaffrey,UK,Eclairs,2022-01-25,7798.0,196,0.5232671870032727,1,2022
Van Tuxwell,India,Baker's Choco Chips,2022-06-20,3052.0,447,-0.6341338380736232,6,2022
Gigi Bohling,UK,After Nines,2022-03-29,8029.0,175,0.57960086521498,3,2022
Curtice Advani,Australia,Orange Choco,2022-07-12,854.0,136,-1.1701573216638081,7,2022
Jehu Rudeforth,Canada,Smooth Sliky Salty,2022-07-11,5460.0,138,-0.04689791974552269,7,2022
Karlen McCaffrey,Canada,Smooth Sliky Salty,2022-01-19,3017.0,184,-0.642669243863276,1,2022
Andria Kimpton,USA,85% Dark Bars,2022-04-05,8911.0,82,0.7946930911142261,4,2022
Jehu Rudeforth,Canada,Milk Bars,2022-02-21,7203.0,12,0.378165288579178,2,2022
Rafaelita Blaksland,New Zealand,Caramel Stuffed Bars,2022-05-20,13083.0,14,1.812113461240819,5,2022
Mallorie Waber,Australia,Milk Bars,2022-07-29,2779.0,104,-0.7007100032329138,7,2022
Barr Faughny,USA,Fruit & Nut Bars,2022-01-28,9058.0,46,0.8305417954307671,1,2022
Marney O'Breen,UK,Caramel Stuffed Bars,2022-07-19,3549.0,112,-0.512931075860556,7,2022
Mallorie Waber,New Zealand,Manuka Honey Choco,2022-04-13,9436.0,11,0.9227241779590155,4,2022
Roddy Speechley,India,Peanut Butter Cubes,2022-02-11,10283.0,21,1.129280998068609,2,2022
Roddy Speechley,New Zealand,Milk Bars,2022-03-02,5446.0,116,-0.05031208206138373,3,2022
Ches Bonnell,Australia,White Choc,2022-03-02,1043.0,202,-1.124066130399684,3,2022
Van Tuxwell,USA,99% Dark & Pure,2022-07-28,12586.0,6,1.6909106990277518,7,2022
Kelci Walkden,India,After Nines,2022-01-07,1687.0,520,-0.9670146638700756,1,2022
Brien Boise,UK,White Choc,2022-04-12,5299.0,167,-0.08616078637792476,4,2022
Van Tuxwell,Canada,Almond Choco,2022-06-27,3213.0,72,-0.5948709714412213,6,2022
Jehu Rudeforth,Australia,50% Dark Bites,2022-01-14,5194.0,418,-0.11176700374688263,1,2022
Karlen McCaffrey,UK,Baker's Choco Chips,2022-02-07,4753.0,389,-0.21931311669650572,2,2022
Jehu Rudeforth,Australia,Orange Choco,2022-03-23,13706.0,26,1.9640436842966358,3,2022
Marney O'Breen,India,Peanut Butter Cubes,2022-01-10,6489.0,146,0.2040430104702645,1,2022
Oby Sorrel,UK,Choco Coated Almonds,2022-03-17,9324.0,41,0.895410879432127,3,2022
Gigi Bohling,USA,Spicy Special Slims,2022-01-21,10829.0,54,1.26243332838719,1,2022
Barr Faughny,Australia,White Choc,2022-07-04,8113.0,370,0.6000858391101462,7,2022
Kaine Padly,Canada,Peanut Butter Cubes,2022-07-04,3269.0,176,-0.581214322177777,7,2022
Dotty Strutley,USA,Manuka Honey Choco,2022-08-10,273.0,210,-1.3118450577720417,8,2022
Dennison Crosswaite,Australia,50% Dark Bites,2022-04-01,7287.0,12,0.3986502624743443,4,2022
Gigi Bohling,India,Raspberry Choco,2022-02-22,2583.0,159,-0.7485082756549685,2,2022
Camilla Castle,UK,White Choc,2022-01-03,9982.0,187,1.0558765082775965,1,2022
Karlen McCaffrey,India,Drinking Coco,2022-05-31,4795.0,233,-0.20907062974892257,5,2022
Dotty Strutley,UK,99% Dark & Pure,2022-01-03,9310.0,282,0.891996717116266,1,2022
Husein Augar,New Zealand,Caramel Stuffed Bars,2022-01-27,497.0,475,-1.2572184607182648,1,2022
Barr Faughny,UK,50% Dark Bites,2022-01-28,581.0,65,-1.2367334868230986,1,2022
Curtice Advani,Australia,Organic Choco Syrup,2022-06-28,3472.0,311,-0.5317089685977918,6,2022
Husein Augar,UK,Choco Coated Almonds,2022-03-02,4333.0,43,-0.32173798617233723,3,2022
Wilone O'Kielt,Australia,After Nines,2022-05-27,3325.0,26,-0.5675576729143328,5,2022
Dennison Crosswaite,USA,Almond Choco,2022-06-30,11718.0,84,1.4792326354443666,6,2022
Barr Faughny,Canada,Peanut Butter Cubes,2022-06-07,2100.0,78,-0.8662968755521747,6,2022
Kaine Padly,USA,70% Dark Bites,2022-05-12,4018.0,100,-0.39855663827921084,5,2022
Barr Faughny,New Zealand,Raspberry Choco,2022-07-29,6468.0,66,0.1989217669964729,7,2022
Dennison Crosswaite,UK,White Choc,2022-08-03,7238.0,265,0.38670069436883064,8,2022
Barr Faughny,India,Baker's Choco Chips,2022-08-18,6454.0,141,0.19550760468061187,8,2022
Van Tuxwell,New Zealand,Smooth Sliky Salty,2022-06-14,3115.0,42,-0.6187701076522486,6,2022
Beverie Moffet,UK,White Choc,2022-06-30,6475.0,76,0.20062884815440343,6,2022
Camilla Castle,New Zealand,Mint Chip Choco,2022-06-13,1162.0,190,-1.095045750714865,6,2022
Ches Bonnell,UK,Orange Choco,2022-04-27,14238.0,54,2.093781852299356,4,2022
Jan Morforth,Australia,White Choc,2022-07-27,3472.0,32,-0.5317089685977918,7,2022
Mallorie Waber,Canada,85% Dark Bars,2022-04-20,1428.0,424,-1.030176666713505,4,2022
Rafaelita Blaksland,India,Spicy Special Slims,2022-01-04,8064.0,134,0.5881362710046326,1,2022
Ches Bonnell,Australia,Mint Chip Choco,2022-02-21,9660.0,92,0.9773507750127923,2,2022
Karlen McCaffrey,Australia,White Choc,2022-01-05,7357.0,48,0.4157210740536496,1,2022
Beverie Moffet,India,Drinking Coco,2022-07-15,6055.0,46,0.09820397867857193,7,2022
Brien Boise,Australia,Choco Coated Almonds,2022-05-25,5124.0,62,-0.12883781532618788,5,2022
Karlen McCaffrey,Canada,Eclairs,2022-04-20,3479.0,358,-0.5300018874398612,4,2022
Gigi Bohling,USA,99% Dark & Pure,2022-06-02,784.0,249,-1.1872281332431134,6,2022
Marney O'Breen,UK,Smooth Sliky Salty,2022-05-13,18991.0,88,3.2528899585341824,5,2022
Beverie Moffet,New Zealand,Baker's Choco Chips,2022-08-03,1372.0,144,-1.0438333159769493,8,2022
Beverie Moffet,Australia,Milk Bars,2022-05-25,735.0,390,-1.1991777013486271,5,2022
Van Tuxwell,UK,Raspberry Choco,2022-03-16,6538.0,79,0.21599257857577817,3,2022
Jan Morforth,Australia,Orange Choco,2022-07-04,3199.0,122,-0.5982851337570823,7,2022
Jehu Rudeforth,India,50% Dark Bites,2022-07-05,3472.0,135,-0.5317089685977918,7,2022
Madelene Upcott,USA,After Nines,2022-03-15,4571.0,430,-0.26369722680269936,3,2022
Barr Faughny,UK,Raspberry Choco,2022-08-22,5481.0,69,-0.04177667627173111,8,2022
Ches Bonnell,Australia,70% Dark Bites,2022-01-12,3136.0,125,-0.613648864178457,1,2022
Marney O'Breen,UK,Baker's Choco Chips,2022-06-10,252.0,154,-1.3169663012458332,6,2022
Kaine Padly,Australia,Peanut Butter Cubes,2022-03-25,5460.0,286,-0.04689791974552269,3,2022
Rafaelita Blaksland,India,Almond Choco,2022-07-27,3395.0,99,-0.5504868613350276,7,2022
Husein Augar,UK,Caramel Stuffed Bars,2022-04-15,14938.0,433,2.264489968092408,4,2022
Roddy Speechley,India,Orange Choco,2022-06-27,4053.0,19,-0.3900212324895582,6,2022
Jehu Rudeforth,UK,70% Dark Bites,2022-04-14,5565.0,258,-0.02129170237656481,4,2022
Husein Augar,Australia,Manuka Honey Choco,2022-03-15,7161.0,92,0.3679228016315949,3,2022
Madelene Upcott,USA,Eclairs,2022-03-18,8883.0,200,0.787864766482504,3,2022
Brien Boise,India,Eclairs,2022-04-29,1351.0,61,-1.0489545594507408,4,2022
Mallorie Waber,New Zealand,White Choc,2022-02-25,3171.0,246,-0.6051134583888044,2,2022
Husein Augar,USA,Milk Bars,2022-03-02,854.0,56,-1.1701573216638081,3,2022
Van Tuxwell,Australia,Milk Bars,2022-06-20,7910.0,87,0.550580485530161,6,2022
Beverie Moffet,Canada,White Choc,2022-07-15,9275.0,173,0.8834613113266134,7,2022
Dotty Strutley,Australia,50% Dark Bites,2022-05-12,3108.0,252,-0.6204771888101791,5,2022
Mallorie Waber,New Zealand,Organic Choco Syrup,2022-07-01,5075.0,256,-0.14078738343170155,7,2022
Husein Augar,USA,85% Dark Bars,2022-08-08,378.0,54,-1.2862388404030838,8,2022
Madelene Upcott,Australia,50% Dark Bites,2022-07-25,7350.0,6,0.41401399289571905,7,2022
Wilone O'Kielt,UK,Drinking Coco,2022-05-18,3388.0,55,-0.5521939424929581,5,2022
Camilla Castle,India,Peanut Butter Cubes,2022-07-15,11837.0,277,1.5082530151291855,7,2022
Curtice Advani,India,70% Dark Bites,2022-07-05,2282.0,44,-0.821912765445981,7,2022
Mallorie Waber,USA,Manuka Honey Choco,2022-07-04,5425.0,96,-0.05543332553517531,7,2022
Dotty Strutley,UK,70% Dark Bites,2022-06-20,1267.0,216,-1.0694395333459072,6,2022
Gunar Cockshoot,Australia,Almond Choco,2022-01-25,3752.0,424,-0.4634257222805708,1,2022
Kaine Padly,New Zealand,Spicy Special Slims,2022-07-01,7728.0,37,0.5061963754239674,7,2022
Gigi Bohling,USA,50% Dark Bites,2022-04-13,2296.0,59,-0.81849860313012,4,2022
Beverie Moffet,UK,Smooth Sliky Salty,2022-05-04,4403.0,76,-0.30466717459303194,5,2022
Beverie Moffet,Australia,Baker's Choco Chips,2022-08-04,3192.0,109,-0.5999922149150128,8,2022
Beverie Moffet,India,70% Dark Bites,2022-06-01,448.0,146,-1.2691680288237785,6,2022
Jehu Rudeforth,UK,Choco Coated Almonds,2022-04-22,4270.0,185,-0.3371017165937119,4,2022
Kaine Padly,USA,50% Dark Bites,2022-08-03,70.0,27,-1.361350411352027,8,2022
Ches Bonnell,USA,Orange Choco,2022-06-10,1743.0,69,-0.9533580146066315,6,2022
Gunar Cockshoot,UK,Manuka Honey Choco,2022-06-27,6762.0,46,0.27061917562955495,6,2022
Marney O'Breen,Australia,Smooth Sliky Salty,2022-01-03,3745.0,170,-0.46513280343850133,1,2022
Marney O'Breen,India,After Nines,2022-07-11,2639.0,179,-0.7348516263915242,7,2022
Ches Bonnell,New Zealand,Milk Bars,2022-08-17,4389.0,126,-0.308081336908893,8,2022
Rafaelita Blaksland,USA,Fruit & Nut Bars,2022-01-18,2604.0,65,-0.7433870321811769,1,2022
Ches Bonnell,India,Organic Choco Syrup,2022-03-08,16569.0,99,2.6622398778902205,3,2022
Mallorie Waber,Australia,Orange Choco,2022-03-07,14658.0,275,2.1962067217751873,3,2022
Husein Augar,India,70% Dark Bites,2022-05-09,6454.0,157,0.19550760468061187,5,2022
Barr Faughny,New Zealand,85% Dark Bars,2022-05-23,2100.0,157,-0.8662968755521747,5,2022
Madelene Upcott,UK,Caramel Stuffed Bars,2022-04-15,161.0,145,-1.33915835629893,4,2022
Gigi Bohling,Australia,Drinking Coco,2022-07-27,2807.0,139,-0.6938816786011917,7,2022
Marney O'Breen,Canada,Choco Coated Almonds,2022-08-22,2639.0,406,-0.7348516263915242,8,2022
Ches Bonnell,USA,70% Dark Bites,2022-05-11,4571.0,122,-0.26369722680269936,5,2022
Madelene Upcott,India,Organic Choco Syrup,2022-01-26,4781.0,38,-0.2124847920647836,1,2022
Barr Faughny,USA,50% Dark Bites,2022-04-14,13034.0,117,1.8001638931353054,4,2022
Dennison Crosswaite,New Zealand,Mint Chip Choco,2022-04-05,6454.0,417,0.19550760468061187,4,2022
Marney O'Breen,New Zealand,Smooth Sliky Salty,2022-06-14,8484.0,57,0.6905611404804641,6,2022
Brien Boise,Canada,Almond Choco,2022-04-13,4781.0,125,-0.2124847920647836,4,2022
Beverie Moffet,Australia,White Choc,2022-06-27,2240.0,166,-0.8321552523935641,6,2022
Dotty Strutley,Australia,Eclairs,2022-01-26,6979.0,3,0.3235386915254012,1,2022
Barr Faughny,UK,White Choc,2022-07-05,1652.0,72,-0.9755500696597282,7,2022
Beverie Moffet,Canada,Baker's Choco Chips,2022-01-11,13447.0,95,1.9008816814532064,1,2022
Kelci Walkden,USA,White Choc,2022-03-07,9422.0,22,0.9193100156431544,3,2022
Kaine Padly,Canada,50% Dark Bites,2022-03-04,8687.0,100,0.7400664940604493,3,2022
Karlen McCaffrey,Canada,Organic Choco Syrup,2022-07-15,2415.0,312,-0.789478223445301,7,2022
Kaine Padly,UK,Peanut Butter Cubes,2022-05-11,6272.0,86,0.1511234945744182,5,2022
Karlen McCaffrey,USA,Milk Bars,2022-01-27,4389.0,7,-0.308081336908893,1,2022
Karlen McCaffrey,India,Orange Choco,2022-06-27,3122.0,149,-0.617063026494318,6,2022
Ches Bonnell,India,Smooth Sliky Salty,2022-08-03,8043.0,18,0.583015027530841,8,2022
Wilone O'Kielt,New Zealand,Mint Chip Choco,2022-08-19,11662.0,242,1.4655759861809226,8,2022
Wilone O'Kielt,Australia,Fruit & Nut Bars,2022-06-15,392.0,102,-1.2828246780872228,6,2022
Dennison Crosswaite,UK,Peanut Butter Cubes,2022-02-07,8925.0,158,0.7981072534300871,2,2022
Karlen McCaffrey,Australia,Almond Choco,2022-07-08,7294.0,128,0.4003573436322749,7,2022
Dennison Crosswaite,India,Milk Bars,2022-04-21,1526.0,96,-1.0062775305024778,4,2022
Ches Bonnell,UK,Mint Chip Choco,2022-04-08,2688.0,209,-0.7229020582860106,4,2022
Husein Augar,Australia,50% Dark Bites,2022-08-19,14889.0,52,2.2525403999868945,8,2022
Jan Morforth,India,Fruit & Nut Bars,2022-05-04,2912.0,55,-0.6682754612322338,5,2022
Mallorie Waber,USA,85% Dark Bars,2022-05-11,2632.0,108,-0.7365587075494547,5,2022
Mallorie Waber,USA,Eclairs,2022-03-22,6328.0,51,0.1647801438378624,3,2022
Dennison Crosswaite,Canada,Spicy Special Slims,2022-08-10,2527.0,216,-0.7621649249184127,8,2022
Dennison Crosswaite,USA,Fruit & Nut Bars,2022-05-04,1414.0,318,-1.033590829029366,5,2022
Kelci Walkden,USA,99% Dark & Pure,2022-08-18,7714.0,238,0.5027822131081063,8,2022
Dotty Strutley,Canada,Raspberry Choco,2022-08-03,4347.0,238,-0.3183238238564762,8,2022
Marney O'Breen,New Zealand,Milk Bars,2022-01-14,7490.0,315,0.4481556160543296,1,2022
Madelene Upcott,Australia,Choco Coated Almonds,2022-04-08,2058.0,72,-0.8765393624997578,4,2022
Kelci Walkden,UK,Orange Choco,2022-08-01,3640.0,3,-0.4907390208074592,8,2022
Dennison Crosswaite,Canada,Eclairs,2022-03-15,455.0,45,-1.267460947665848,3,2022
Karlen McCaffrey,India,Mint Chip Choco,2022-07-15,10990.0,184,1.301696195019592,7,2022
Barr Faughny,New Zealand,Almond Choco,2022-01-13,5558.0,127,-0.022998783534495335,1,2022
Mallorie Waber,Australia,85% Dark Bars,2022-08-26,2541.0,53,-0.7587507626025516,8,2022
Ches Bonnell,Canada,Eclairs,2022-01-10,1876.0,172,-0.9209234726059514,1,2022
Gigi Bohling,Australia,White Choc,2022-05-11,5523.0,87,-0.03153418932414796,5,2022
Beverie Moffet,New Zealand,85% Dark Bars,2022-08-30,11200.0,22,1.3529086297575077,8,2022
Kaine Padly,USA,Caramel Stuffed Bars,2022-07-21,5593.0,122,-0.014463377744842711,7,2022
Mallorie Waber,Australia,Almond Choco,2022-08-01,7882.0,125,0.5437521608984389,8,2022
Brien Boise,Canada,85% Dark Bars,2022-02-17,10241.0,259,1.119038511121026,2,2022
Brien Boise,Australia,Drinking Coco,2022-07-27,6832.0,156,0.2876899872088602,7,2022
Dotty Strutley,USA,Orange Choco,2022-02-23,1379.0,107,-1.0421262348190188,2,2022
Rafaelita Blaksland,Australia,50% Dark Bites,2022-03-22,3010.0,40,-0.6443763250212065,3,2022
Dennison Crosswaite,India,99% Dark & Pure,2022-06-23,6888.0,311,0.3013466364723044,6,2022
Curtice Advani,UK,White Choc,2022-02-01,1540.0,73,-1.0028633681866166,2,2022
Kelci Walkden,Australia,After Nines,2022-03-02,6916.0,288,0.30817496110402653,3,2022
Gigi Bohling,UK,Fruit & Nut Bars,2022-04-06,1232.0,86,-1.0779749391355598,4,2022
Gunar Cockshoot,Australia,Raspberry Choco,2022-03-17,602.0,72,-1.231612243349307,3,2022
Curtice Advani,UK,Fruit & Nut Bars,2022-06-24,10927.0,136,1.2863324645982173,6,2022
Barr Faughny,Canada,50% Dark Bites,2022-07-19,10185.0,303,1.1053818618575817,7,2022
Curtice Advani,USA,Spicy Special Slims,2022-07-11,1603.0,264,-0.987499637765242,7,2022
Brien Boise,India,Almond Choco,2022-01-13,2170.0,218,-0.8492260639728694,1,2022
Oby Sorrel,New Zealand,Smooth Sliky Salty,2022-07-07,8673.0,60,0.7366523317445883,7,2022
Jan Morforth,India,85% Dark Bars,2022-05-25,4760.0,418,-0.2176060355385752,5,2022
Marney O'Breen,India,Fruit & Nut Bars,2022-04-13,4753.0,151,-0.21931311669650572,4,2022
Andria Kimpton,New Zealand,50% Dark Bites,2022-03-02,3374.0,202,-0.5556081048088192,3,2022
Gunar Cockshoot,Canada,Raspberry Choco,2022-06-23,2058.0,126,-0.8765393624997578,6,2022
Kelci Walkden,USA,Drinking Coco,2022-07-26,6454.0,160,0.19550760468061187,7,2022
Van Tuxwell,Canada,White Choc,2022-03-22,420.0,3,-1.2759963534555008,3,2022
Rafaelita Blaksland,USA,Baker's Choco Chips,2022-06-09,2863.0,58,-0.6802250293377474,6,2022
Van Tuxwell,Australia,Caramel Stuffed Bars,2022-05-17,5936.0,59,0.06918359899375301,5,2022
Ches Bonnell,New Zealand,Peanut Butter Cubes,2022-03-04,889.0,273,-1.1616219158741554,3,2022
Kelci Walkden,Canada,Milk Bars,2022-07-07,16016.0,28,2.5273804664137094,7,2022
Dennison Crosswaite,Canada,Choco Coated Almonds,2022-01-13,10479.0,118,1.1770792704906636,1,2022
Curtice Advani,Australia,Almond Choco,2022-07-13,2912.0,75,-0.6682754612322338,7,2022
Madelene Upcott,Australia,85% Dark Bars,2022-06-16,1575.0,329,-0.9943279623969641,6,2022
Gigi Bohling,UK,50% Dark Bites,2022-07-18,8197.0,69,0.6205708130053126,7,2022
Ches Bonnell,UK,Manuka Honey Choco,2022-05-30,4221.0,395,-0.3490512846992256,5,2022
Gigi Bohling,UK,70% Dark Bites,2022-06-21,840.0,81,-1.1735714839796691,6,2022
Jehu Rudeforth,Australia,Peanut Butter Cubes,2022-06-24,5691.0,38,0.009435758466184638,6,2022
Marney O'Breen,India,Eclairs,2022-01-13,3472.0,96,-0.5317089685977918,1,2022
Curtice Advani,Canada,Fruit & Nut Bars,2022-04-04,4193.0,195,-0.3558796093309477,4,2022
Kaine Padly,UK,Smooth Sliky Salty,2022-06-08,9016.0,554,0.820299308483184,6,2022
Karlen McCaffrey,Canada,Spicy Special Slims,2022-08-02,6328.0,47,0.1647801438378624,8,2022
Kelci Walkden,USA,Organic Choco Syrup,2022-07-21,9870.0,152,1.028563209750708,7,2022
Curtice Advani,India,Spicy Special Slims,2022-06-20,161.0,134,-1.33915835629893,6,2022
Roddy Speechley,India,After Nines,2022-06-22,2576.0,112,-0.750215356812899,6,2022
Camilla Castle,Australia,Caramel Stuffed Bars,2022-05-02,3178.0,16,-0.6034063772308739,5,2022
Curtice Advani,Australia,99% Dark & Pure,2022-01-07,4676.0,84,-0.23809100943374148,1,2022
Mallorie Waber,UK,50% Dark Bites,2022-02-21,5502.0,99,-0.036655432797939536,2,2022
Ches Bonnell,Canada,Baker's Choco Chips,2022-03-21,7462.0,371,0.44132729142260746,3,2022
Van Tuxwell,UK,Drinking Coco,2022-04-04,5803.0,136,0.036749056993073036,4,2022
Gunar Cockshoot,Canada,Fruit & Nut Bars,2022-03-24,13888.0,203,2.0084277944028295,3,2022
Gunar Cockshoot,New Zealand,Spicy Special Slims,2022-06-28,6867.0,183,0.29622539299851286,6,2022
Gunar Cockshoot,Australia,Drinking Coco,2022-01-14,2317.0,195,-0.8133773596563284,1,2022
Karlen McCaffrey,New Zealand,Fruit & Nut Bars,2022-02-07,1218.0,135,-1.0813891014514208,2,2022
Dennison Crosswaite,New Zealand,Drinking Coco,2022-01-11,4109.0,197,-0.376364583226114,1,2022
Jehu Rudeforth,India,99% Dark & Pure,2022-02-25,1953.0,242,-0.9021455798687157,2,2022
Dotty Strutley,Australia,Mint Chip Choco,2022-08-01,6790.0,25,0.27744750026127707,8,2022
Roddy Speechley,Australia,Mint Chip Choco,2022-05-05,6797.0,252,0.27915458141920757,5,2022
Madelene Upcott,New Zealand,Raspberry Choco,2022-05-18,9226.0,415,0.8715117432210997,5,2022
Dotty Strutley,New Zealand,Choco Coated Almonds,2022-01-04,5733.0,348,0.019678245413767788,1,2022
Roddy Speechley,New Zealand,50% Dark Bites,2022-05-09,4312.0,211,-0.3268592296461288,5,2022
Rafaelita Blaksland,India,Smooth Sliky Salty,2022-05-06,1638.0,81,-0.9789642319755893,5,2022
Husein Augar,UK,White Choc,2022-01-13,10815.0,145,1.259019166071329,1,2022
Roddy Speechley,Australia,Almond Choco,2022-06-24,4466.0,74,-0.2893034441716572,6,2022
Van Tuxwell,USA,Caramel Stuffed Bars,2022-02-14,987.0,21,-1.1377227796631282,2,2022
Camilla Castle,Australia,99% Dark & Pure,2022-01-18,4669.0,101,-0.239798090591672,1,2022
Kaine Padly,India,Milk Bars,2022-05-02,2905.0,91,-0.6699825423901643,5,2022
Ches Bonnell,Australia,Smooth Sliky Salty,2022-05-16,7490.0,54,0.4481556160543296,5,2022
Mallorie Waber,USA,Almond Choco,2022-01-28,6986.0,368,0.32524577268333177,1,2022
Kaine Padly,Canada,99% Dark & Pure,2022-06-24,1288.0,409,-1.0643182898721155,6,2022
Oby Sorrel,UK,After Nines,2022-07-18,2345.0,104,-0.8065490350246063,7,2022
Gunar Cockshoot,UK,Eclairs,2022-04-13,3619.0,164,-0.49586026428125074,4,2022
Dotty Strutley,USA,Caramel Stuffed Bars,2022-04-15,16982.0,76,2.7629576662081217,4,2022
Jan Morforth,India,Peanut Butter Cubes,2022-01-04,8092.0,178,0.5949645956363547,1,2022
Husein Augar,Australia,Eclairs,2022-07-04,6993.0,31,0.32695285384126227,7,2022
Beverie Moffet,USA,Smooth Sliky Salty,2022-03-24,2317.0,352,-0.8133773596563284,3,2022
Camilla Castle,Australia,Manuka Honey Choco,2022-03-17,637.0,169,-1.2230768375596544,3,2022
Oby Sorrel,Australia,Almond Choco,2022-02-15,6034.0,223,0.09308273520478036,2,2022
Jan Morforth,USA,Orange Choco,2022-06-29,980.0,146,-1.1394298608210587,6,2022
Gigi Bohling,USA,Fruit & Nut Bars,2022-05-24,2821.0,112,-0.6904675162853307,5,2022
Mallorie Waber,UK,Milk Bars,2022-01-10,3563.0,284,-0.509516913544695,1,2022
Curtice Advani,USA,Raspberry Choco,2022-03-15,2996.0,139,-0.6477904873370675,3,2022
Marney O'Breen,Canada,Milk Bars,2022-02-08,2436.0,309,-0.7843569799715094,2,2022
Brien Boise,India,Caramel Stuffed Bars,2022-02-25,1540.0,100,-1.0028633681866166,2,2022
Gunar Cockshoot,USA,Eclairs,2022-05-03,6916.0,42,0.30817496110402653,5,2022
Roddy Speechley,USA,Fruit & Nut Bars,2022-06-14,5509.0,24,-0.034948351640009014,6,2022
Gunar Cockshoot,India,50% Dark Bites,2022-08-09,12992.0,83,1.7899214061877222,8,2022
Wilone O'Kielt,New Zealand,Manuka Honey Choco,2022-07-11,3724.0,234,-0.4702540469122929,7,2022
Kaine Padly,UK,Manuka Honey Choco,2022-01-14,7133.0,118,0.3610944769998728,1,2022
Van Tuxwell,Canada,Manuka Honey Choco,2022-02-24,8617.0,46,0.7229956824811441,2,2022
Wilone O'Kielt,New Zealand,Almond Choco,2022-03-15,9198.0,144,0.8646834185893777,3,2022
Oby Sorrel,New Zealand,Baker's Choco Chips,2022-04-25,11823.0,47,1.5048388528133245,4,2022
Dennison Crosswaite,Australia,Organic Choco Syrup,2022-05-10,5775.0,41,0.029920732361350937,5,2022
Marney O'Breen,Australia,Spicy Special Slims,2022-06-23,13125.0,275,1.8223559481884022,6,2022
Beverie Moffet,Canada,Smooth Sliky Salty,2022-02-28,14287.0,370,2.1057314204048696,2,2022
Brien Boise,USA,Organic Choco Syrup,2022-05-25,16233.0,138,2.5802999823095556,5,2022
Roddy Speechley,New Zealand,Baker's Choco Chips,2022-02-22,5313.0,215,-0.0827466240620637,2,2022
Van Tuxwell,UK,85% Dark Bars,2022-07-11,3577.0,134,-0.5061027512288339,7,2022
Marney O'Breen,Canada,Spicy Special Slims,2022-01-03,3528.0,336,-0.5180523193343476,1,2022
Rafaelita Blaksland,New Zealand,70% Dark Bites,2022-08-24,679.0,280,-1.2128343506120713,8,2022
Beverie Moffet,USA,50% Dark Bites,2022-07-28,2450.0,352,-0.7809428176556484,7,2022
Brien Boise,USA,Mint Chip Choco,2022-05-25,10577.0,150,1.200978406701691,5,2022
Karlen McCaffrey,New Zealand,Eclairs,2022-05-06,2597.0,177,-0.7450941133391074,5,2022
Barr Faughny,India,Drinking Coco,2022-01-28,2219.0,142,-0.8372764958673558,1,2022
Marney O'Breen,UK,Orange Choco,2022-06-06,11319.0,12,1.3819290094423267,6,2022
Brien Boise,New Zealand,Baker's Choco Chips,2022-07-12,5978.0,24,0.07942608594133617,7,2022
Ches Bonnell,Canada,Spicy Special Slims,2022-08-05,5327.0,183,-0.07933246174620266,8,2022
Brien Boise,USA,Orange Choco,2022-01-28,6020.0,147,0.08966857288891932,1,2022
Kaine Padly,India,Spicy Special Slims,2022-08-31,5614.0,137,-0.009342134271051137,8,2022
Mallorie Waber,USA,50% Dark Bites,2022-04-19,1736.0,13,-0.955065095764562,4,2022
Mallorie Waber,UK,Mint Chip Choco,2022-06-29,6384.0,2,0.1784367931013066,6,2022
Beverie Moffet,India,Choco Coated Almonds,2022-02-24,3577.0,261,-0.5061027512288339,2,2022
Madelene Upcott,UK,Smooth Sliky Salty,2022-03-04,14539.0,84,2.1671863420903685,3,2022
Gigi Bohling,India,Eclairs,2022-06-21,3493.0,68,-0.5265877251240002,6,2022
Rafaelita Blaksland,Australia,Organic Choco Syrup,2022-01-26,994.0,105,-1.1360156985051977,1,2022
Oby Sorrel,New Zealand,White Choc,2022-06-10,4361.0,40,-0.3149096615406151,6,2022
Andria Kimpton,UK,Drinking Coco,2022-05-23,1554.0,65,-0.9994492058707556,5,2022
Kelci Walkden,India,Milk Bars,2022-04-15,966.0,107,-1.1428440231369197,4,2022
Karlen McCaffrey,New Zealand,Caramel Stuffed Bars,2022-01-31,5334.0,227,-0.07762538058827213,1,2022
Andria Kimpton,New Zealand,Organic Choco Syrup,2022-03-04,4935.0,39,-0.17492900659031205,3,2022
Barr Faughny,New Zealand,After Nines,2022-04-19,10024.0,84,1.0661189952251795,4,2022
Beverie Moffet,UK,Almond Choco,2022-05-16,2506.0,100,-0.7672861683922042,5,2022
Oby Sorrel,Australia,Raspberry Choco,2022-02-17,1043.0,120,-1.124066130399684,2,2022
Dennison Crosswaite,USA,Raspberry Choco,2022-01-18,6524.0,257,0.2125784162599171,1,2022
Roddy Speechley,Canada,Orange Choco,2022-02-09,8148.0,85,0.6086212448997989,2,2022
Mallorie Waber,Canada,Orange Choco,2022-03-23,3577.0,178,-0.5061027512288339,3,2022
Madelene Upcott,New Zealand,Caramel Stuffed Bars,2022-02-01,3374.0,151,-0.5556081048088192,2,2022
Mallorie Waber,India,Drinking Coco,2022-03-07,3948.0,142,-0.4156274498585161,3,2022
Ches Bonnell,UK,White Choc,2022-01-03,3269.0,226,-0.581214322177777,1,2022
Ches Bonnell,USA,White Choc,2022-02-11,5271.0,341,-0.09298911100964687,2,2022
Dennison Crosswaite,New Zealand,Orange Choco,2022-03-16,4571.0,140,-0.26369722680269936,3,2022
Dotty Strutley,India,White Choc,2022-08-15,12327.0,330,1.6277486961843224,8,2022
Gigi Bohling,India,Manuka Honey Choco,2022-05-12,4935.0,73,-0.17492900659031205,5,2022
Van Tuxwell,India,Spicy Special Slims,2022-04-11,6167.0,4,0.12551727720546033,4,2022
Jan Morforth,New Zealand,Mint Chip Choco,2022-06-30,18340.0,285,3.0941314108466433,6,2022
Dotty Strutley,New Zealand,White Choc,2022-06-15,7014.0,60,0.3320740973150539,6,2022
Rafaelita Blaksland,Canada,Caramel Stuffed Bars,2022-08-01,7119.0,101,0.35768031468401174,8,2022
Kaine Padly,USA,Milk Bars,2022-06-15,15491.0,58,2.39934937956892,6,2022
Brien Boise,India,After Nines,2022-06-16,5747.0,45,0.02309240772962884,6,2022
Oby Sorrel,New Zealand,Raspberry Choco,2022-05-13,4550.0,281,-0.2688184702764909,5,2022
Dennison Crosswaite,USA,Drinking Coco,2022-05-10,2191.0,138,-0.8441048204990779,5,2022
Oby Sorrel,India,Eclairs,2022-08-25,5663.0,322,0.002607433834462539,8,2022
Ches Bonnell,New Zealand,Organic Choco Syrup,2022-07-15,7623.0,85,0.48059015805500954,7,2022
Gigi Bohling,UK,Baker's Choco Chips,2022-05-16,9023.0,409,0.8220063896411145,5,2022
Jan Morforth,Australia,50% Dark Bites,2022-06-14,3402.0,182,-0.548779780177097,6,2022
Beverie Moffet,Australia,Smooth Sliky Salty,2022-01-25,10507.0,467,1.1839075951223859,1,2022
Ches Bonnell,USA,Organic Choco Syrup,2022-07-28,7721.0,14,0.5044892942660368,7,2022
Brien Boise,Canada,Mint Chip Choco,2022-01-28,5033.0,178,-0.1510298703792847,1,2022
Kaine Padly,UK,Orange Choco,2022-06-29,1960.0,191,-0.9004384987107852,6,2022
Karlen McCaffrey,Australia,70% Dark Bites,2022-06-24,238.0,317,-1.3203804635616943,6,2022
Gunar Cockshoot,Canada,Mint Chip Choco,2022-07-01,7756.0,410,0.5130247000556895,7,2022
Roddy Speechley,USA,Peanut Butter Cubes,2022-02-25,1736.0,137,-0.955065095764562,2,2022
Curtice Advani,Canada,Smooth Sliky Salty,2022-08-01,2660.0,12,-0.7297303829177326,8,2022
Oby Sorrel,Australia,Milk Bars,2022-06-21,7672.0,254,0.4925397261605232,6,2022
Camilla Castle,New Zealand,Spicy Special Slims,2022-01-25,11564.0,24,1.441676849969895,1,2022
Gigi Bohling,UK,Milk Bars,2022-05-17,1365.0,232,-1.0455403971348798,5,2022
Andria Kimpton,Australia,85% Dark Bars,2022-08-23,4186.0,233,-0.35758669048887826,8,2022
Camilla Castle,Australia,Smooth Sliky Salty,2022-03-03,7406.0,118,0.4276706421591633,3,2022
Roddy Speechley,India,Caramel Stuffed Bars,2022-05-30,8911.0,543,0.7946930911142261,5,2022
Karlen McCaffrey,USA,Drinking Coco,2022-06-29,112.0,223,-1.3511079244044437,6,2022
Andria Kimpton,Canada,Organic Choco Syrup,2022-01-04,8204.0,204,0.6222778941632431,1,2022
Jehu Rudeforth,Australia,Drinking Coco,2022-01-14,2611.0,65,-0.7416799510232464,1,2022
Karlen McCaffrey,USA,Mint Chip Choco,2022-02-15,15652.0,53,2.438612246201322,2,2022
Curtice Advani,New Zealand,Spicy Special Slims,2022-01-10,4074.0,469,-0.3848999890157666,1,2022
Madelene Upcott,USA,White Choc,2022-05-04,12250.0,213,1.6089708034470867,5,2022
Andria Kimpton,USA,Spicy Special Slims,2022-05-23,2366.0,5,-0.8014277915508147,5,2022
Barr Faughny,New Zealand,Fruit & Nut Bars,2022-04-26,1687.0,147,-0.9670146638700756,4,2022
Oby Sorrel,Canada,Organic Choco Syrup,2022-07-05,1232.0,74,-1.0779749391355598,7,2022
Madelene Upcott,UK,Organic Choco Syrup,2022-07-21,6965.0,163,0.3201245292095402,7,2022
Dotty Strutley,USA,Mint Chip Choco,2022-02-21,5292.0,248,-0.08786786753585528,2,2022
Kelci Walkden,USA,Orange Choco,2022-02-03,1379.0,138,-1.0421262348190188,2,2022
Gigi Bohling,Australia,Caramel Stuffed Bars,2022-07-08,8001.0,151,0.5727725405832579,7,2022
Mallorie Waber,India,50% Dark Bites,2022-05-31,588.0,139,-1.235026405665168,5,2022
Van Tuxwell,New Zealand,Mint Chip Choco,2022-06-27,4046.0,103,-0.3917283136474887,6,2022
Van Tuxwell,India,50% Dark Bites,2022-05-13,5103.0,129,-0.13395905879997946,5,2022
Van Tuxwell,USA,Manuka Honey Choco,2022-05-31,2317.0,102,-0.8133773596563284,5,2022
Wilone O'Kielt,USA,Orange Choco,2022-02-28,7042.0,37,0.33890242194677594,2,2022
Barr Faughny,New Zealand,Eclairs,2022-03-28,6713.0,31,0.2586696075240413,3,2022
Gigi Bohling,USA,After Nines,2022-01-14,1848.0,227,-0.9277517972376735,1,2022
Barr Faughny,New Zealand,Mint Chip Choco,2022-02-21,6440.0,145,0.19209344236475082,2,2022
Dennison Crosswaite,Canada,85% Dark Bars,2022-08-01,10885.0,90,1.2760899776506343,8,2022
Beverie Moffet,New Zealand,Smooth Sliky Salty,2022-05-19,2387.0,59,-0.7963065480770232,5,2022
Husein Augar,USA,White Choc,2022-07-13,2030.0,60,-0.88336768713148,7,2022
Andria Kimpton,Australia,Peanut Butter Cubes,2022-04-20,6678.0,148,0.25013420173438866,4,2022
Dennison Crosswaite,India,85% Dark Bars,2022-06-30,4515.0,22,-0.27735387606614353,6,2022
Curtice Advani,UK,50% Dark Bites,2022-03-08,3374.0,142,-0.5556081048088192,3,2022
Gunar Cockshoot,USA,Fruit & Nut Bars,2022-03-09,5852.0,93,0.04869862509858671,3,2022
Oby Sorrel,Canada,Raspberry Choco,2022-06-16,1750.0,208,-0.9516509334487009,6,2022
Gigi Bohling,UK,Drinking Coco,2022-06-30,5782.0,42,0.03162781351928146,6,2022
Kelci Walkden,India,Mint Chip Choco,2022-07-28,2870.0,120,-0.6785179481798169,7,2022
Karlen McCaffrey,Canada,Peanut Butter Cubes,2022-08-12,3094.0,159,-0.6238913511260401,8,2022
Barr Faughny,UK,Mint Chip Choco,2022-07-07,3724.0,316,-0.4702540469122929,7,2022
Barr Faughny,USA,85% Dark Bars,2022-08-25,12761.0,47,1.7335877279760148,8,2022
Husein Augar,Canada,Eclairs,2022-01-17,3696.0,233,-0.477082371544015,1,2022
Jan Morforth,Australia,70% Dark Bites,2022-03-04,5222.0,384,-0.10493867911516054,3,2022
Marney O'Breen,New Zealand,Fruit & Nut Bars,2022-08-25,8939.0,4,0.8015214157459483,8,2022
Ches Bonnell,UK,Peanut Butter Cubes,2022-04-15,2156.0,260,-0.8526402262887305,4,2022
Kaine Padly,USA,Organic Choco Syrup,2022-03-11,2380.0,22,-0.7980136292349537,3,2022
Camilla Castle,USA,Raspberry Choco,2022-05-20,3339.0,18,-0.5641435105984718,5,2022
Brien Boise,New Zealand,Manuka Honey Choco,2022-06-14,14980.0,42,2.2747324550399917,6,2022
Jehu Rudeforth,New Zealand,After Nines,2022-04-14,1512.0,73,-1.0096916928183388,4,2022
Jehu Rudeforth,USA,Smooth Sliky Salty,2022-07-07,6657.0,154,0.24501295826059707,7,2022
Madelene Upcott,India,Mint Chip Choco,2022-08-24,3836.0,71,-0.4429407483854045,8,2022
Jehu Rudeforth,India,Eclairs,2022-02-24,8771.0,127,0.7605514679556157,2,2022
Karlen McCaffrey,Canada,Raspberry Choco,2022-05-09,651.0,224,-1.2196626752437933,5,2022
Kaine Padly,Australia,70% Dark Bites,2022-02-08,6706.0,223,0.2569625263661108,2,2022
Roddy Speechley,UK,70% Dark Bites,2022-03-24,1421.0,284,-1.0318837478714356,3,2022
Rafaelita Blaksland,USA,Drinking Coco,2022-06-20,8526.0,73,0.7008036274280472,6,2022
Mallorie Waber,Canada,Manuka Honey Choco,2022-03-07,1435.0,112,-1.0284695855555746,3,2022
Kaine Padly,Australia,Fruit & Nut Bars,2022-06-20,7434.0,85,0.43449896679088534,6,2022
Oby Sorrel,New Zealand,Organic Choco Syrup,2022-02-17,15316.0,270,2.3566723506206566,2,2022
Madelene Upcott,UK,99% Dark & Pure,2022-01-26,10479.0,45,1.1770792704906636,1,2022
Madelene Upcott,Australia,Mint Chip Choco,2022-05-02,2751.0,153,-0.7075383278646359,5,2022
Curtice Advani,Canada,99% Dark & Pure,2022-07-07,12586.0,7,1.6909106990277518,7,2022
Rafaelita Blaksland,Australia,Baker's Choco Chips,2022-08-22,2786.0,51,-0.6990029220749833,8,2022
Karlen McCaffrey,Australia,After Nines,2022-08-11,2303.0,67,-0.8167915219721894,8,2022
Marney O'Breen,UK,99% Dark & Pure,2022-01-13,8113.0,194,0.6000858391101462,1,2022
Gunar Cockshoot,Australia,50% Dark Bites,2022-03-02,12271.0,116,1.6140920469208782,3,2022
Marney O'Breen,Australia,Choco Coated Almonds,2022-07-27,11298.0,41,1.3768077659685352,7,2022
Kelci Walkden,New Zealand,Drinking Coco,2022-03-10,15855.0,111,2.488117599781307,3,2022
Beverie Moffet,USA,85% Dark Bars,2022-08-23,12404.0,334,1.6465265889215581,8,2022
Roddy Speechley,USA,Eclairs,2022-04-25,3990.0,155,-0.40538496291093296,4,2022
Dennison Crosswaite,UK,Milk Bars,2022-03-07,10808.0,407,1.2573120849133983,3,2022
Wilone O'Kielt,UK,Organic Choco Syrup,2022-07-12,4858.0,52,-0.19370689932754784,7,2022
Madelene Upcott,USA,Orange Choco,2022-05-16,7742.0,138,0.5096105377398285,5,2022
Gunar Cockshoot,India,Smooth Sliky Salty,2022-03-02,3752.0,70,-0.4634257222805708,3,2022
Marney O'Breen,New Zealand,85% Dark Bars,2022-05-30,1218.0,149,-1.0813891014514208,5,2022
Marney O'Breen,UK,Manuka Honey Choco,2022-06-10,10983.0,179,1.2999891138616615,6,2022
Brien Boise,USA,99% Dark & Pure,2022-07-25,6769.0,353,0.2723262567874855,7,2022
Beverie Moffet,New Zealand,Mint Chip Choco,2022-06-09,4361.0,97,-0.3149096615406151,6,2022
Dennison Crosswaite,USA,Milk Bars,2022-05-12,777.0,60,-1.1889352144010439,5,2022
Gunar Cockshoot,USA,Drinking Coco,2022-05-09,3843.0,5,-0.441233667227474,5,2022
Brien Boise,Canada,Manuka Honey Choco,2022-08-09,6930.0,182,0.31158912341988754,8,2022
Van Tuxwell,India,Choco Coated Almonds,2022-04-13,5733.0,114,0.019678245413767788,4,2022
Andria Kimpton,USA,Caramel Stuffed Bars,2022-05-02,8393.0,46,0.6683690854273673,5,2022
Dotty Strutley,USA,99% Dark & Pure,2022-08-09,3822.0,320,-0.44635491070126554,8,2022
Camilla Castle,Australia,Raspberry Choco,2022-08-23,6342.0,178,0.16819430615372347,8,2022
Gunar Cockshoot,India,Spicy Special Slims,2022-05-13,6510.0,170,0.20916425394405605,5,2022
Karlen McCaffrey,USA,Manuka Honey Choco,2022-02-01,10171.0,67,1.1019676995417207,2,2022
Camilla Castle,USA,50% Dark Bites,2022-06-23,5908.0,301,0.062355274362030914,6,2022
Madelene Upcott,UK,Choco Coated Almonds,2022-05-24,10164.0,134,1.1002606183837902,5,2022
Jan Morforth,Canada,Mint Chip Choco,2022-04-01,1064.0,211,-1.1189448869258924,4,2022
Camilla Castle,Canada,70% Dark Bites,2022-07-27,9716.0,151,0.9910074242762364,7,2022
Ches Bonnell,India,Peanut Butter Cubes,2022-01-27,22050.0,208,3.998884424549822,1,2022
Jan Morforth,India,Choco Coated Almonds,2022-08-12,2541.0,134,-0.7587507626025516,8,2022
Gigi Bohling,Canada,Almond Choco,2022-02-01,9989.0,49,1.057583589435527,2,2022
Rafaelita Blaksland,India,After Nines,2022-03-02,4739.0,204,-0.22272727901236675,3,2022
Kelci Walkden,Australia,99% Dark & Pure,2022-06-30,3185.0,34,-0.6016992960729433,6,2022
Dotty Strutley,Australia,Spicy Special Slims,2022-01-17,8225.0,91,0.6273991376370347,1,2022
Brien Boise,USA,Milk Bars,2022-07-07,14301.0,130,2.1091455827207306,7,2022
Mallorie Waber,New Zealand,Mint Chip Choco,2022-01-31,1316.0,107,-1.0574899652403935,1,2022
Beverie Moffet,UK,99% Dark & Pure,2022-08-10,3486.0,121,-0.5282948062819307,8,2022
Beverie Moffet,USA,Peanut Butter Cubes,2022-08-18,13930.0,339,2.018670281350413,8,2022
Brien Boise,New Zealand,White Choc,2022-06-15,5509.0,321,-0.034948351640009014,6,2022
Marney O'Breen,USA,Baker's Choco Chips,2022-01-26,8470.0,9,0.687146978164603,1,2022
Kelci Walkden,USA,Spicy Special Slims,2022-04-29,77.0,69,-1.3596433301940964,4,2022
Mallorie Waber,Canada,White Choc,2022-03-03,3381.0,72,-0.5539010236508886,3,2022
Kaine Padly,Australia,Almond Choco,2022-02-22,4102.0,392,-0.37807166438404455,2,2022
Oby Sorrel,USA,Smooth Sliky Salty,2022-03-04,3577.0,158,-0.5061027512288339,3,2022
Dennison Crosswaite,India,Smooth Sliky Salty,2022-07-07,2975.0,9,-0.6529117308108591,7,2022
Camilla Castle,New Zealand,Caramel Stuffed Bars,2022-06-17,4137.0,347,-0.36953625859439193,6,2022
Jan Morforth,Canada,Caramel Stuffed Bars,2022-08-02,9541.0,114,0.9483303953279734,8,2022
Oby Sorrel,USA,Baker's Choco Chips,2022-08-12,8001.0,120,0.5727725405832579,8,2022
Madelene Upcott,New Zealand,Peanut Butter Cubes,2022-01-28,5152.0,333,-0.12200949069446579,1,2022
Kelci Walkden,Australia,Orange Choco,2022-04-29,11116.0,432,1.3324236558623415,4,2022
Marney O'Breen,Australia,Manuka Honey Choco,2022-04-05,13076.0,236,1.8104063800828885,4,2022
Kaine Padly,Canada,Manuka Honey Choco,2022-01-18,10213.0,135,1.1122101864893037,1,2022
Jehu Rudeforth,UK,Baker's Choco Chips,2022-05-16,2485.0,97,-0.7724074118659958,5,2022
Kelci Walkden,Australia,White Choc,2022-08-24,8715.0,168,0.7468948186921714,8,2022
Curtice Advani,India,85% Dark Bars,2022-01-18,273.0,402,-1.3118450577720417,1,2022
Kaine Padly,USA,Eclairs,2022-08-22,7623.0,10,0.48059015805500954,8,2022
Gunar Cockshoot,UK,99% Dark & Pure,2022-03-07,7.0,84,-1.3767141417734017,3,2022
Beverie Moffet,UK,Choco Coated Almonds,2022-03-04,3010.0,69,-0.6443763250212065,3,2022
Dotty Strutley,Canada,Manuka Honey Choco,2022-04-22,11550.0,111,1.438262687654034,4,2022
Kaine Padly,Australia,Milk Bars,2022-06-09,4046.0,89,-0.3917283136474887,6,2022
Jan Morforth,Canada,Fruit & Nut Bars,2022-07-25,8904.0,199,0.7929860099562956,7,2022
Jan Morforth,India,Smooth Sliky Salty,2022-08-03,11298.0,89,1.3768077659685352,8,2022
Rafaelita Blaksland,Australia,Manuka Honey Choco,2022-08-03,4396.0,131,-0.3063742557509625,8,2022
Jehu Rudeforth,UK,Milk Bars,2022-05-03,12068.0,227,1.564586693340893,5,2022
Husein Augar,Canada,After Nines,2022-01-19,9772.0,301,1.0046640735396808,1,2022
Roddy Speechley,USA,50% Dark Bites,2022-02-11,10458.0,316,1.1719580270168721,2,2022
Van Tuxwell,India,Almond Choco,2022-06-14,6426.0,390,0.18867928004888976,6,2022
Kelci Walkden,USA,50% Dark Bites,2022-03-23,6188.0,223,0.1306385206792519,3,2022
Madelene Upcott,Canada,85% Dark Bars,2022-02-17,7504.0,101,0.45156977837019063,2,2022
Dennison Crosswaite,Canada,Smooth Sliky Salty,2022-03-17,1750.0,479,-0.9516509334487009,3,2022
Mallorie Waber,Australia,Spicy Special Slims,2022-06-29,5439.0,287,-0.05201916321931426,6,2022
Ches Bonnell,Canada,Choco Coated Almonds,2022-08-24,15547.0,269,2.413006028832364,8,2022
Gigi Bohling,Canada,Spicy Special Slims,2022-07-04,11956.0,277,1.5372733948140045,7,2022
Roddy Speechley,New Zealand,Almond Choco,2022-03-28,2723.0,67,-0.714366652496358,3,2022
Curtice Advani,India,Smooth Sliky Salty,2022-04-19,19327.0,135,3.3348298541148473,4,2022
Ches Bonnell,New Zealand,Mint Chip Choco,2022-01-18,9058.0,229,0.8305417954307671,1,2022
Van Tuxwell,New Zealand,Fruit & Nut Bars,2022-01-17,2996.0,88,-0.6477904873370675,1,2022
Andria Kimpton,New Zealand,Mint Chip Choco,2022-02-15,8848.0,211,0.7793293606928514,2,2022
Andria Kimpton,UK,Milk Bars,2022-02-11,14336.0,293,2.1176809885103833,2,2022
Camilla Castle,USA,Manuka Honey Choco,2022-03-21,16401.0,179,2.621269930099888,3,2022
Gunar Cockshoot,New Zealand,Almond Choco,2022-01-05,5173.0,129,-0.11688824722067422,1,2022
Brien Boise,India,Raspberry Choco,2022-05-30,6328.0,164,0.1647801438378624,5,2022
Jehu Rudeforth,USA,99% Dark & Pure,2022-01-04,2534.0,219,-0.7604578437604821,1,2022
Beverie Moffet,Australia,Fruit & Nut Bars,2022-04-22,1435.0,258,-1.0284695855555746,4,2022
Gigi Bohling,Canada,Milk Bars,2022-02-10,3052.0,116,-0.6341338380736232,2,2022
Dotty Strutley,India,Spicy Special Slims,2022-08-12,910.0,204,-1.156500672400364,8,2022
Gunar Cockshoot,USA,Organic Choco Syrup,2022-08-10,2331.0,321,-0.8099631973404674,8,2022
Kelci Walkden,Australia,Raspberry Choco,2022-06-07,679.0,56,-1.2128343506120713,6,2022
Jehu Rudeforth,India,Baker's Choco Chips,2022-06-06,2086.0,74,-0.8697110378680357,6,2022
Karlen McCaffrey,New Zealand,Baker's Choco Chips,2022-04-05,5012.0,189,-0.15615111385307628,4,2022
Wilone O'Kielt,USA,50% Dark Bites,2022-04-18,4501.0,131,-0.2807680383820046,4,2022
Andria Kimpton,India,50% Dark Bites,2022-01-31,13482.0,15,1.9094170872428589,1,2022
Madelene Upcott,USA,Baker's Choco Chips,2022-08-22,5621.0,140,-0.007635053113120611,8,2022
Jehu Rudeforth,Australia,99% Dark & Pure,2022-02-25,10486.0,198,1.1787863516485944,2,2022
Jan Morforth,Australia,Mint Chip Choco,2022-02-22,17626.0,103,2.92000913273773,2,2022
Oby Sorrel,New Zealand,Milk Bars,2022-01-12,4494.0,187,-0.28247511953993515,1,2022
Brien Boise,UK,Almond Choco,2022-05-25,105.0,125,-1.3528150055623742,5,2022
Kelci Walkden,India,Smooth Sliky Salty,2022-02-01,2464.0,8,-0.7775286553397873,2,2022
Rafaelita Blaksland,UK,Eclairs,2022-04-27,1379.0,70,-1.0421262348190188,4,2022
Gigi Bohling,USA,Smooth Sliky Salty,2022-07-22,2583.0,126,-0.7485082756549685,7,2022
Curtice Advani,New Zealand,Mint Chip Choco,2022-01-26,3220.0,265,-0.5931638902832906,1,2022
Curtice Advani,USA,Mint Chip Choco,2022-08-24,4802.0,296,-0.20736354859099204,8,2022
Madelene Upcott,New Zealand,Fruit & Nut Bars,2022-01-18,5677.0,21,0.006021596150323589,1,2022
Karlen McCaffrey,India,85% Dark Bars,2022-03-30,945.0,83,-1.1479652666107112,3,2022
Ches Bonnell,Australia,Caramel Stuffed Bars,2022-01-17,8757.0,162,0.7571373056397546,1,2022
Kelci Walkden,USA,Fruit & Nut Bars,2022-02-17,4816.0,145,-0.20394938627513098,2,2022
Kelci Walkden,Canada,Peanut Butter Cubes,2022-04-08,7532.0,44,0.4583981030019127,4,2022
Gigi Bohling,Canada,Drinking Coco,2022-07-06,3549.0,82,-0.512931075860556,7,2022
Husein Augar,India,Fruit & Nut Bars,2022-04-04,4340.0,226,-0.3200309050144067,4,2022
Jan Morforth,New Zealand,Organic Choco Syrup,2022-03-02,1799.0,207,-0.9397013653431873,3,2022
Gigi Bohling,New Zealand,Raspberry Choco,2022-08-09,1127.0,176,-1.1035811565045177,8,2022
Dennison Crosswaite,Australia,Milk Bars,2022-06-09,10038.0,286,1.0695331575410407,6,2022
Ches Bonnell,UK,Caramel Stuffed Bars,2022-06-02,2926.0,300,-0.6648612989163727,6,2022
Van Tuxwell,USA,Fruit & Nut Bars,2022-07-05,6279.0,235,0.15283057573234873,7,2022
Andria Kimpton,Canada,Eclairs,2022-08-11,308.0,125,-1.303309651982389,8,2022
Madelene Upcott,India,Choco Coated Almonds,2022-02-11,3500.0,145,-0.5248806439660697,2,2022
Kelci Walkden,New Zealand,Spicy Special Slims,2022-08-11,658.0,65,-1.2179555940858628,8,2022
Roddy Speechley,Australia,Drinking Coco,2022-05-12,12565.0,102,1.68578945555396,5,2022
Wilone O'Kielt,USA,Milk Bars,2022-07-15,5012.0,93,-0.15615111385307628,7,2022
Andria Kimpton,India,Organic Choco Syrup,2022-01-18,3955.0,134,-0.4139203687005856,1,2022
Madelene Upcott,UK,Fruit & Nut Bars,2022-01-05,8512.0,189,0.6973894651121862,1,2022
Curtice Advani,Australia,50% Dark Bites,2022-06-29,504.0,232,-1.2555113795603343,6,2022
Brien Boise,Canada,Raspberry Choco,2022-06-14,2800.0,45,-0.6955887597591222,6,2022
Gunar Cockshoot,India,Mint Chip Choco,2022-08-08,4256.0,67,-0.34051587890957297,8,2022
Dennison Crosswaite,India,Mint Chip Choco,2022-03-23,13573.0,138,1.9316091422959558,3,2022
Barr Faughny,India,Caramel Stuffed Bars,2022-01-04,6566.0,99,0.22282090320750025,1,2022
Brien Boise,India,Milk Bars,2022-02-22,13503.0,251,1.9145383307166506,2,2022
Beverie Moffet,UK,Spicy Special Slims,2022-02-17,8680.0,252,0.7383594129025188,2,2022
Barr Faughny,USA,Almond Choco,2022-02-03,385.0,78,-1.2845317592451533,2,2022
Van Tuxwell,Canada,Raspberry Choco,2022-03-17,1267.0,130,-1.0694395333459072,3,2022
Wilone O'Kielt,Australia,Baker's Choco Chips,2022-01-25,2961.0,154,-0.6563258931267201,1,2022
Brien Boise,Australia,Milk Bars,2022-07-27,1981.0,52,-0.8953172552369936,7,2022
Husein Augar,Australia,Fruit & Nut Bars,2022-01-28,7959.0,53,0.5625300536356748,1,2022
Madelene Upcott,Australia,Organic Choco Syrup,2022-07-05,10794.0,50,1.2538979225975373,7,2022
Van Tuxwell,India,White Choc,2022-03-15,1897.0,44,-0.9158022291321599,3,2022
Gunar Cockshoot,Canada,After Nines,2022-08-04,2744.0,200,-0.7092454090225664,8,2022
Jan Morforth,USA,Fruit & Nut Bars,2022-06-27,4382.0,361,-0.30978841806682356,6,2022
Jan Morforth,Canada,After Nines,2022-07-13,4515.0,172,-0.27735387606614353,7,2022
Barr Faughny,New Zealand,Manuka Honey Choco,2022-02-24,5474.0,239,-0.04348375742966164,2,2022
Karlen McCaffrey,New Zealand,85% Dark Bars,2022-06-28,6069.0,55,0.10161814099443299,6,2022
Oby Sorrel,Australia,85% Dark Bars,2022-06-30,6944.0,27,0.3150032857357486,6,2022
Curtice Advani,Canada,Choco Coated Almonds,2022-08-18,5859.0,7,0.05040570625651724,8,2022
Kaine Padly,India,70% Dark Bites,2022-01-24,12173.0,301,1.5901929107098507,1,2022
Beverie Moffet,USA,White Choc,2022-03-11,5292.0,134,-0.08786786753585528,3,2022
Ches Bonnell,New Zealand,After Nines,2022-06-23,5705.0,350,0.01284992078204569,6,2022
Husein Augar,India,Spicy Special Slims,2022-08-22,2492.0,33,-0.7707003307080653,8,2022
Gunar Cockshoot,Canada,50% Dark Bites,2022-01-04,3024.0,23,-0.6409621627053453,1,2022
Curtice Advani,India,Milk Bars,2022-04-05,3437.0,201,-0.5402443743874444,4,2022
Beverie Moffet,India,Milk Bars,2022-04-15,1869.0,323,-0.922630553763882,4,2022
Husein Augar,Australia,White Choc,2022-05-11,3171.0,220,-0.6051134583888044,5,2022
Andria Kimpton,Canada,Manuka Honey Choco,2022-07-21,4858.0,488,-0.19370689932754784,7,2022
Jan Morforth,New Zealand,Orange Choco,2022-02-11,1225.0,84,-1.0796820202934903,2,2022
Andria Kimpton,Canada,Smooth Sliky Salty,2022-07-08,1155.0,79,-1.0967528318727955,7,2022
Gunar Cockshoot,UK,Raspberry Choco,2022-08-11,6811.0,344,0.28256874373506863,8,2022
Husein Augar,New Zealand,After Nines,2022-08-04,6433.0,7,0.1903863612068203,8,2022
Andria Kimpton,New Zealand,Orange Choco,2022-06-14,8169.0,88,0.6137424883735905,6,2022
Dennison Crosswaite,UK,Baker's Choco Chips,2022-01-17,2275.0,275,-0.8236198466039115,1,2022
Jehu Rudeforth,Canada,Orange Choco,2022-06-23,3857.0,512,-0.4378195049116129,6,2022
Jehu Rudeforth,UK,Smooth Sliky Salty,2022-08-24,1463.0,113,-1.0216412609238525,8,2022
Andria Kimpton,UK,Caramel Stuffed Bars,2022-06-07,7924.0,275,0.5539946478460221,6,2022
Jan Morforth,UK,White Choc,2022-06-22,8799.0,47,0.7673797925873377,6,2022
Dotty Strutley,USA,Fruit & Nut Bars,2022-07-13,2898.0,276,-0.6716896235480948,7,2022
Kelci Walkden,UK,Choco Coated Almonds,2022-05-24,9506.0,212,0.9397949895383207,5,2022
Gunar Cockshoot,New Zealand,After Nines,2022-08-09,7175.0,145,0.3713369639474559,8,2022
Kaine Padly,Canada,85% Dark Bars,2022-04-06,1729.0,31,-0.9567721769224925,4,2022
Jan Morforth,New Zealand,Manuka Honey Choco,2022-07-28,1589.0,271,-0.990913800081103,7,2022
Gunar Cockshoot,New Zealand,Raspberry Choco,2022-08-24,630.0,52,-1.2247839187175849,8,2022
Van Tuxwell,Australia,99% Dark & Pure,2022-01-17,112.0,128,-1.3511079244044437,1,2022
Curtice Advani,USA,Drinking Coco,2022-02-07,5187.0,142,-0.11347408490481316,2,2022
Brien Boise,Australia,Spicy Special Slims,2022-05-09,6223.0,256,0.13917392646890453,5,2022
Mallorie Waber,New Zealand,85% Dark Bars,2022-06-06,7714.0,106,0.5027822131081063,6,2022
Wilone O'Kielt,USA,Choco Coated Almonds,2022-06-06,9457.0,6,0.9278454214328071,6,2022
Beverie Moffet,New Zealand,Organic Choco Syrup,2022-05-24,6678.0,226,0.25013420173438866,5,2022
Gunar Cockshoot,UK,50% Dark Bites,2022-01-13,2107.0,121,-0.8645897943942441,1,2022
Marney O'Breen,USA,Raspberry Choco,2022-05-23,6069.0,151,0.10161814099443299,5,2022
Jehu Rudeforth,UK,White Choc,2022-06-29,1862.0,284,-0.9243376349218125,6,2022
Jehu Rudeforth,New Zealand,85% Dark Bars,2022-03-11,6972.0,89,0.3218316103674707,3,2022
Dotty Strutley,USA,85% Dark Bars,2022-04-25,10220.0,508,1.1139172676472342,4,2022
Rafaelita Blaksland,Australia,Smooth Sliky Salty,2022-05-30,3969.0,243,-0.4105062063847245,5,2022
Curtice Advani,India,Manuka Honey Choco,2022-05-23,1547.0,170,-1.001156287028686,5,2022
Mallorie Waber,USA,Peanut Butter Cubes,2022-05-23,1162.0,18,-1.095045750714865,5,2022
Van Tuxwell,Canada,Peanut Butter Cubes,2022-06-24,6342.0,282,0.16819430615372347,6,2022
Kelci Walkden,New Zealand,Smooth Sliky Salty,2022-03-11,10633.0,277,1.2146350559651353,3,2022
Rafaelita Blaksland,USA,Smooth Sliky Salty,2022-07-27,15057.0,212,2.2935103477772274,7,2022
Rafaelita Blaksland,USA,White Choc,2022-08-16,4704.0,126,-0.2312626848020194,8,2022
Roddy Speechley,Canada,Smooth Sliky Salty,2022-03-07,9338.0,11,0.8988250417479882,3,2022
Curtice Advani,New Zealand,After Nines,2022-04-05,7959.0,30,0.5625300536356748,4,2022
Camilla Castle,India,85% Dark Bars,2022-05-04,9023.0,51,0.8220063896411145,5,2022
Ches Bonnell,USA,Choco Coated Almonds,2022-01-04,14525.0,92,2.1637721797745075,1,2022
Marney O'Breen,Australia,Baker's Choco Chips,2022-01-13,5810.0,101,0.038456138151003565,1,2022
Wilone O'Kielt,New Zealand,Fruit & Nut Bars,2022-07-11,6426.0,98,0.18867928004888976,7,2022
Kaine Padly,Australia,Mint Chip Choco,2022-05-17,4403.0,159,-0.30466717459303194,5,2022
Camilla Castle,New Zealand,Peanut Butter Cubes,2022-07-21,1582.0,62,-0.9926208812390335,7,2022
Curtice Advani,Canada,Organic Choco Syrup,2022-02-22,791.0,22,-1.1855210520851829,2,2022
Jan Morforth,India,99% Dark & Pure,2022-05-23,9100.0,187,0.8407842823783503,5,2022
Rafaelita Blaksland,Canada,Drinking Coco,2022-07-12,9884.0,200,1.031977372066569,7,2022
Jan Morforth,UK,Orange Choco,2022-06-15,3780.0,201,-0.45659739764884866,6,2022
Barr Faughny,New Zealand,50% Dark Bites,2022-06-23,4557.0,308,-0.2671113891185604,6,2022
Curtice Advani,Australia,Eclairs,2022-03-25,5796.0,55,0.035041975835142514,3,2022
Jan Morforth,India,Caramel Stuffed Bars,2022-07-04,84.0,153,-1.357936249036166,7,2022
Andria Kimpton,UK,White Choc,2022-05-12,9037.0,101,0.8254205519569756,5,2022
Camilla Castle,New Zealand,Raspberry Choco,2022-04-04,4746.0,137,-0.22102019785443625,4,2022
Madelene Upcott,Australia,Orange Choco,2022-04-15,6713.0,398,0.2586696075240413,4,2022
Roddy Speechley,Canada,Eclairs,2022-03-08,6237.0,88,0.1425880887847656,3,2022
Karlen McCaffrey,India,White Choc,2022-01-17,7483.0,232,0.446448534896399,1,2022
Wilone O'Kielt,India,Mint Chip Choco,2022-08-22,1309.0,51,-1.059197046398324,8,2022
Andria Kimpton,UK,99% Dark & Pure,2022-07-25,1155.0,66,-1.0967528318727955,7,2022
Marney O'Breen,UK,50% Dark Bites,2022-06-14,2989.0,124,-0.649497568494998,6,2022
Ches Bonnell,India,Choco Coated Almonds,2022-04-05,9625.0,78,0.9688153692231397,4,2022
Madelene Upcott,UK,Raspberry Choco,2022-08-26,7357.0,341,0.4157210740536496,8,2022
Wilone O'Kielt,Australia,50% Dark Bites,2022-08-03,10031.0,114,1.0678260763831102,8,2022
Gigi Bohling,Canada,White Choc,2022-07-11,6587.0,4,0.22794214668129184,7,2022
Wilone O'Kielt,New Zealand,Eclairs,2022-03-11,3311.0,22,-0.5709718352301939,3,2022
Brien Boise,UK,Peanut Butter Cubes,2022-01-10,15330.0,30,2.3600865129365176,1,2022
Roddy Speechley,UK,Baker's Choco Chips,2022-04-04,14028.0,351,2.04256941756144,4,2022
Karlen McCaffrey,Australia,50% Dark Bites,2022-01-17,6678.0,708,0.25013420173438866,1,2022
Marney O'Breen,New Zealand,Organic Choco Syrup,2022-07-08,8624.0,50,0.7247027636390746,7,2022
Jan Morforth,UK,Organic Choco Syrup,2022-04-12,1197.0,356,-1.0865103449252125,4,2022
Rafaelita Blaksland,Canada,Fruit & Nut Bars,2022-08-24,483.0,185,-1.260632623034126,8,2022
Ches Bonnell,UK,Choco Coated Almonds,2022-06-07,1687.0,236,-0.9670146638700756,6,2022
Gunar Cockshoot,Canada,Almond Choco,2022-07-28,1309.0,30,-1.059197046398324,7,2022
Husein Augar,USA,99% Dark & Pure,2022-02-21,9534.0,111,0.9466233141700429,2,2022
Dennison Crosswaite,Canada,Mint Chip Choco,2022-04-08,1694.0,289,-0.9653075827121451,4,2022
Brien Boise,UK,Manuka Honey Choco,2022-06-28,70.0,103,-1.361350411352027,6,2022
Van Tuxwell,UK,Baker's Choco Chips,2022-03-24,2443.0,20,-0.7826498988135789,3,2022
Barr Faughny,Australia,Caramel Stuffed Bars,2022-07-29,2933.0,55,-0.6631542177584422,7,2022
Dennison Crosswaite,USA,Eclairs,2022-05-25,2044.0,90,-0.8799535248156188,5,2022
Gigi Bohling,Australia,Raspberry Choco,2022-03-30,6524.0,303,0.2125784162599171,3,2022
Dennison Crosswaite,USA,Organic Choco Syrup,2022-07-18,12656.0,126,1.707981510607057,7,2022
Beverie Moffet,Canada,Orange Choco,2022-05-10,8722.0,109,0.748601899850102,5,2022
Mallorie Waber,Australia,Choco Coated Almonds,2022-03-18,15750.0,92,2.4625113824123495,3,2022
Ches Bonnell,India,Caramel Stuffed Bars,2022-06-15,6839.0,56,0.28939706836679074,6,2022
Van Tuxwell,Canada,50% Dark Bites,2022-05-12,13685.0,58,1.958922440822844,5,2022
Kelci Walkden,New Zealand,Baker's Choco Chips,2022-06-23,2912.0,110,-0.6682754612322338,6,2022
Beverie Moffet,India,Spicy Special Slims,2022-04-21,3339.0,171,-0.5641435105984718,4,2022
Gigi Bohling,Australia,Almond Choco,2022-08-17,910.0,117,-1.156500672400364,8,2022
Rafaelita Blaksland,New Zealand,Eclairs,2022-02-07,19481.0,51,3.3723856395893193,2,2022
Kelci Walkden,Canada,Smooth Sliky Salty,2022-03-17,8099.0,118,0.5966716767942852,3,2022
Jan Morforth,India,Baker's Choco Chips,2022-08-01,13727.0,79,1.9691649277704273,8,2022
Jehu Rudeforth,Australia,Milk Bars,2022-03-18,8659.0,29,0.7332381694287272,3,2022
Gigi Bohling,Canada,Fruit & Nut Bars,2022-06-14,5782.0,103,0.03162781351928146,6,2022
Beverie Moffet,UK,Eclairs,2022-04-22,8463.0,155,0.6854398970066725,4,2022
Marney O'Breen,New Zealand,Eclairs,2022-01-18,4914.0,31,-0.18005025006410363,1,2022
Husein Augar,Australia,99% Dark & Pure,2022-08-26,3087.0,128,-0.6255984322839706,8,2022
Gunar Cockshoot,New Zealand,Fruit & Nut Bars,2022-06-10,9205.0,419,0.8663904997473082,6,2022
Curtice Advani,Canada,70% Dark Bites,2022-01-31,2303.0,7,-0.8167915219721894,1,2022
Kelci Walkden,New Zealand,Manuka Honey Choco,2022-04-08,1358.0,106,-1.0472474782928103,4,2022
Dotty Strutley,Australia,Baker's Choco Chips,2022-06-07,3605.0,68,-0.4992744265971118,6,2022
Barr Faughny,Australia,85% Dark Bars,2022-02-10,8498.0,44,0.6939753027963251,2,2022
Beverie Moffet,Australia,50% Dark Bites,2022-05-16,700.0,457,-1.2077131071382796,5,2022
Gunar Cockshoot,India,Baker's Choco Chips,2022-03-18,2191.0,524,-0.8441048204990779,3,2022
Van Tuxwell,Australia,50% Dark Bites,2022-07-13,644.0,137,-1.2213697564017238,7,2022
Oby Sorrel,USA,Manuka Honey Choco,2022-07-25,4340.0,86,-0.3200309050144067,7,2022
Van Tuxwell,Canada,Choco Coated Almonds,2022-08-19,2282.0,296,-0.821912765445981,8,2022
Karlen McCaffrey,Canada,70% Dark Bites,2022-06-24,7714.0,597,0.5027822131081063,6,2022
Kelci Walkden,Canada,Fruit & Nut Bars,2022-06-20,826.0,149,-1.1769856462955302,6,2022
Camilla Castle,India,99% Dark & Pure,2022-08-02,203.0,207,-1.328915869351347,8,2022
Madelene Upcott,New Zealand,70% Dark Bites,2022-02-22,13356.0,93,1.8786896264001094,2,2022
Mallorie Waber,New Zealand,Orange Choco,2022-02-01,6510.0,23,0.20916425394405605,2,2022
Jan Morforth,Canada,70% Dark Bites,2022-02-14,5894.0,305,0.05894111204616986,2,2022
Kelci Walkden,Australia,Milk Bars,2022-02-24,7910.0,125,0.550580485530161,2,2022
Dennison Crosswaite,India,Orange Choco,2022-03-18,784.0,129,-1.1872281332431134,3,2022
Husein Augar,UK,Eclairs,2022-08-30,1750.0,252,-0.9516509334487009,8,2022
Gigi Bohling,USA,Peanut Butter Cubes,2022-05-09,280.0,75,-1.3101379766141112,5,2022
Wilone O'Kielt,USA,Smooth Sliky Salty,2022-01-18,504.0,87,-1.2555113795603343,1,2022
Curtice Advani,India,White Choc,2022-07-04,7154.0,342,0.36621572047366435,7,2022
Oby Sorrel,New Zealand,Spicy Special Slims,2022-06-03,1617.0,13,-0.9840854754493809,6,2022
Beverie Moffet,New Zealand,Peanut Butter Cubes,2022-02-23,10822.0,30,1.2607262472292595,2,2022
Dotty Strutley,New Zealand,99% Dark & Pure,2022-05-09,10724.0,203,1.236827111018232,5,2022
Kelci Walkden,India,70% Dark Bites,2022-06-06,3640.0,106,-0.4907390208074592,6,2022
Kelci Walkden,India,Drinking Coco,2022-07-04,7532.0,234,0.4583981030019127,7,2022
Brien Boise,New Zealand,Drinking Coco,2022-06-06,1582.0,100,-0.9926208812390335,6,2022
Dotty Strutley,Australia,Almond Choco,2022-05-13,1456.0,91,-1.023348342081783,5,2022
Wilone O'Kielt,New Zealand,Organic Choco Syrup,2022-01-31,2016.0,277,-0.886781849447341,1,2022
Ches Bonnell,New Zealand,Caramel Stuffed Bars,2022-06-30,7588.0,42,0.4720547522653569,6,2022
Barr Faughny,Canada,Manuka Honey Choco,2022-08-25,3402.0,249,-0.548779780177097,8,2022
Gigi Bohling,New Zealand,Smooth Sliky Salty,2022-01-10,700.0,97,-1.2077131071382796,1,2022
Brien Boise,USA,Manuka Honey Choco,2022-08-22,1904.0,8,-0.9140951479742294,8,2022
Roddy Speechley,New Zealand,85% Dark Bars,2022-04-14,4844.0,275,-0.1971210616434089,4,2022
Oby Sorrel,UK,Smooth Sliky Salty,2022-05-31,9625.0,313,0.9688153692231397,5,2022
Oby Sorrel,UK,Raspberry Choco,2022-04-08,4599.0,323,-0.25686890217097724,4,2022
Roddy Speechley,USA,Drinking Coco,2022-02-21,3003.0,155,-0.646083406179137,2,2022
Andria Kimpton,Australia,Manuka Honey Choco,2022-03-30,9744.0,377,0.9978357489079586,3,2022
Mallorie Waber,India,Raspberry Choco,2022-03-02,1400.0,2,-1.0370049913452273,3,2022
Jehu Rudeforth,USA,Orange Choco,2022-07-28,364.0,170,-1.2896530027189448,7,2022
Kaine Padly,New Zealand,70% Dark Bites,2022-03-24,7231.0,38,0.38499361321090014,3,2022
Curtice Advani,Australia,After Nines,2022-08-11,63.0,105,-1.3630574925099574,8,2022
Husein Augar,UK,Almond Choco,2022-05-17,8309.0,166,0.6478841115322009,5,2022
Kaine Padly,Canada,Choco Coated Almonds,2022-05-18,3164.0,164,-0.6068205395467349,5,2022
Roddy Speechley,UK,Peanut Butter Cubes,2022-08-17,5691.0,171,0.009435758466184638,8,2022
Ches Bonnell,New Zealand,Eclairs,2022-04-04,490.0,49,-1.2589255418761953,4,2022
Brien Boise,India,85% Dark Bars,2022-08-09,18032.0,205,3.0190198398977004,8,2022
Brien Boise,New Zealand,Organic Choco Syrup,2022-01-17,637.0,313,-1.2230768375596544,1,2022
Andria Kimpton,Canada,White Choc,2022-02-14,4067.0,29,-0.38660707017369716,2,2022
Gigi Bohling,New Zealand,Orange Choco,2022-05-16,8204.0,307,0.6222778941632431,5,2022
Ches Bonnell,Canada,Smooth Sliky Salty,2022-03-16,9870.0,121,1.028563209750708,3,2022
Husein Augar,Canada,70% Dark Bites,2022-01-31,5131.0,285,-0.12713073416825735,1,2022
Barr Faughny,Canada,Organic Choco Syrup,2022-03-10,1141.0,205,-1.1001669941886565,3,2022
Oby Sorrel,UK,Organic Choco Syrup,2022-06-30,7980.0,157,0.5676512971094663,6,2022
Van Tuxwell,New Zealand,Eclairs,2022-03-01,5229.0,182,-0.10323159795723001,3,2022
Mallorie Waber,UK,Drinking Coco,2022-05-27,3423.0,100,-0.5436585367033054,5,2022
Oby Sorrel,UK,Milk Bars,2022-07-11,6468.0,223,0.1989217669964729,7,2022
Karlen McCaffrey,New Zealand,Mint Chip Choco,2022-03-02,4326.0,61,-0.32344506733026773,3,2022
Jehu Rudeforth,USA,Raspberry Choco,2022-03-04,7154.0,133,0.36621572047366435,3,2022
Kelci Walkden,UK,85% Dark Bars,2022-06-23,3997.0,228,-0.4036778817530024,6,2022
Kelci Walkden,USA,Almond Choco,2022-01-27,5180.0,233,-0.11518116606274369,1,2022
Marney O'Breen,Canada,Orange Choco,2022-01-14,2723.0,425,-0.714366652496358,1,2022
Dennison Crosswaite,India,Fruit & Nut Bars,2022-07-29,952.0,24,-1.1462581854527807,7,2022
Brien Boise,Canada,Smooth Sliky Salty,2022-05-13,5691.0,495,0.009435758466184638,5,2022
Barr Faughny,Canada,Baker's Choco Chips,2022-02-03,10969.0,170,1.2965749515458005,2,2022
Brien Boise,India,Smooth Sliky Salty,2022-05-27,5964.0,26,0.07601192362547511,5,2022
Jan Morforth,Australia,Drinking Coco,2022-02-18,2821.0,24,-0.6904675162853307,2,2022
Brien Boise,India,Spicy Special Slims,2022-01-28,1302.0,33,-1.0609041275562545,1,2022
Van Tuxwell,UK,Eclairs,2022-06-29,5474.0,109,-0.04348375742966164,6,2022
Wilone O'Kielt,India,Caramel Stuffed Bars,2022-01-13,4179.0,276,-0.35929377164680876,1,2022
Jehu Rudeforth,UK,After Nines,2022-06-27,1946.0,164,-0.9038526610266462,6,2022
Barr Faughny,Canada,White Choc,2022-03-29,4291.0,1,-0.33198047311992035,3,2022
Gunar Cockshoot,India,Organic Choco Syrup,2022-06-03,7196.0,160,0.3764582074212475,6,2022
Mallorie Waber,Canada,Smooth Sliky Salty,2022-03-21,1939.0,98,-0.9055597421845768,3,2022
Mallorie Waber,India,Eclairs,2022-04-12,10437.0,46,1.1668367835430806,4,2022
Rafaelita Blaksland,Australia,Raspberry Choco,2022-01-19,6916.0,259,0.30817496110402653,1,2022
Karlen McCaffrey,UK,50% Dark Bites,2022-04-06,3647.0,310,-0.4890319396495287,4,2022
Kaine Padly,Australia,50% Dark Bites,2022-08-02,8995.0,78,0.8151780650093924,8,2022
Gigi Bohling,Australia,Eclairs,2022-04-12,7252.0,136,0.3901148566846917,4,2022
Oby Sorrel,India,Drinking Coco,2022-07-21,16380.0,130,2.6161486866260963,7,2022
Van Tuxwell,New Zealand,Baker's Choco Chips,2022-03-22,9660.0,24,0.9773507750127923,3,2022
Husein Augar,India,Peanut Butter Cubes,2022-05-09,4522.0,5,-0.27564679490821303,5,2022
Andria Kimpton,Australia,Baker's Choco Chips,2022-08-09,329.0,109,-1.2981884085085975,8,2022
Madelene Upcott,Canada,Choco Coated Almonds,2022-07-20,3458.0,294,-0.5351231309136528,7,2022
Brien Boise,India,70% Dark Bites,2022-04-14,4641.0,413,-0.2466264152233941,4,2022
Jehu Rudeforth,Canada,White Choc,2022-01-25,4627.0,136,-0.2500405775392552,1,2022
Andria Kimpton,Australia,Almond Choco,2022-04-25,3192.0,175,-0.5999922149150128,4,2022
Dotty Strutley,Canada,After Nines,2022-01-17,252.0,237,-1.3169663012458332,1,2022
Karlen McCaffrey,USA,Eclairs,2022-08-15,868.0,125,-1.1667431593479471,8,2022
Karlen McCaffrey,Canada,Fruit & Nut Bars,2022-06-02,210.0,16,-1.3272087881934165,6,2022
Gunar Cockshoot,USA,85% Dark Bars,2022-06-30,7007.0,135,0.3303670161571233,6,2022
Dotty Strutley,New Zealand,Raspberry Choco,2022-02-10,5845.0,91,0.04699154394065619,2,2022
Marney O'Breen,Canada,Caramel Stuffed Bars,2022-02-23,1372.0,614,-1.0438333159769493,2,2022
Dennison Crosswaite,India,Organic Choco Syrup,2022-01-27,8428.0,216,0.6769044912170199,1,2022
Camilla Castle,UK,Mint Chip Choco,2022-05-26,4977.0,317,-0.1646865196427289,5,2022
Brien Boise,USA,70% Dark Bites,2022-04-14,1694.0,21,-0.9653075827121451,4,2022
Madelene Upcott,Australia,99% Dark & Pure,2022-08-01,4326.0,154,-0.32344506733026773,8,2022
Mallorie Waber,Australia,Eclairs,2022-08-22,9527.0,222,0.9449162330121124,8,2022
Marney O'Breen,India,99% Dark & Pure,2022-07-22,10766.0,157,1.2470695979658153,7,2022
Husein Augar,USA,Fruit & Nut Bars,2022-04-28,1288.0,27,-1.0643182898721155,4,2022
Kelci Walkden,Australia,Almond Choco,2022-05-30,4879.0,350,-0.18858565585375625,5,2022
Ches Bonnell,USA,Milk Bars,2022-07-21,2408.0,157,-0.7911853046032316,7,2022
Jan Morforth,UK,Caramel Stuffed Bars,2022-08-02,3094.0,468,-0.6238913511260401,8,2022
Brien Boise,New Zealand,70% Dark Bites,2022-06-15,7231.0,130,0.38499361321090014,6,2022
Oby Sorrel,India,85% Dark Bars,2022-07-05,8981.0,130,0.8117639026935314,7,2022
Kaine Padly,New Zealand,Smooth Sliky Salty,2022-04-12,7.0,518,-1.3767141417734017,4,2022
Gigi Bohling,Australia,70% Dark Bites,2022-08-18,1372.0,105,-1.0438333159769493,8,2022
Jan Morforth,UK,50% Dark Bites,2022-01-12,5250.0,293,-0.09811035448343844,1,2022
Gunar Cockshoot,Canada,White Choc,2022-08-11,7560.0,15,0.4652264276336348,8,2022
Jehu Rudeforth,Australia,Spicy Special Slims,2022-01-13,5012.0,384,-0.15615111385307628,1,2022
Husein Augar,UK,Baker's Choco Chips,2022-04-29,3038.0,135,-0.6375480003894843,4,2022
Rafaelita Blaksland,New Zealand,After Nines,2022-07-07,1099.0,92,-1.1104094811362397,7,2022
Madelene Upcott,New Zealand,Mint Chip Choco,2022-03-11,7413.0,4,0.4293777233170938,3,2022
Madelene Upcott,UK,70% Dark Bites,2022-02-16,5397.0,239,-0.06226165016689741,2,2022
Barr Faughny,Australia,Organic Choco Syrup,2022-01-07,2303.0,33,-0.8167915219721894,1,2022
Beverie Moffet,New Zealand,Drinking Coco,2022-01-12,1141.0,518,-1.1001669941886565,1,2022
Beverie Moffet,India,Eclairs,2022-06-09,10325.0,147,1.1395234850161922,6,2022
Andria Kimpton,India,Eclairs,2022-05-16,2149.0,84,-0.854347307446661,5,2022
Gigi Bohling,UK,85% Dark Bars,2022-06-23,12362.0,94,1.636284101973975,6,2022
Roddy Speechley,UK,Raspberry Choco,2022-01-28,12635.0,194,1.7028602671332653,1,2022
Dotty Strutley,UK,Mint Chip Choco,2022-07-14,2443.0,216,-0.7826498988135789,7,2022
Barr Faughny,Canada,Drinking Coco,2022-04-18,6237.0,247,0.1425880887847656,4,2022
Oby Sorrel,USA,Milk Bars,2022-06-14,1736.0,79,-0.955065095764562,6,2022
Oby Sorrel,UK,Orange Choco,2022-04-15,7315.0,237,0.40547858710606643,4,2022
Curtice Advani,Canada,Peanut Butter Cubes,2022-05-19,4935.0,63,-0.17492900659031205,5,2022
Gigi Bohling,India,White Choc,2022-04-13,1393.0,172,-1.0387120725031578,4,2022
Husein Augar,Canada,Choco Coated Almonds,2022-08-15,3381.0,408,-0.5539010236508886,8,2022
Wilone O'Kielt,India,Choco Coated Almonds,2022-08-22,2933.0,233,-0.6631542177584422,8,2022
Wilone O'Kielt,New Zealand,Baker's Choco Chips,2022-04-22,3836.0,59,-0.4429407483854045,4,2022
Kaine Padly,UK,Choco Coated Almonds,2022-08-03,8022.0,123,0.5778937840570495,8,2022
Dennison Crosswaite,New Zealand,Organic Choco Syrup,2022-01-04,371.0,229,-1.2879459215610143,1,2022
Kelci Walkden,Canada,After Nines,2022-01-13,16702.0,198,2.6946744198909007,1,2022
Van Tuxwell,Australia,Baker's Choco Chips,2022-05-11,13258.0,32,1.8547904901890822,5,2022
Husein Augar,New Zealand,Peanut Butter Cubes,2022-02-16,2058.0,236,-0.8765393624997578,2,2022
Kaine Padly,UK,Caramel Stuffed Bars,2022-05-20,10192.0,67,1.1070889430155122,5,2022
Jehu Rudeforth,UK,Drinking Coco,2022-02-03,7140.0,438,0.3628015581578033,2,2022
Beverie Moffet,India,Manuka Honey Choco,2022-05-06,9835.0,167,1.0200278039610555,5,2022
Gunar Cockshoot,UK,Choco Coated Almonds,2022-06-30,5775.0,135,0.029920732361350937,6,2022
Gunar Cockshoot,UK,Smooth Sliky Salty,2022-03-22,749.0,148,-1.1957635390327659,3,2022
Camilla Castle,Canada,Orange Choco,2022-02-17,7770.0,54,0.5164388623715506,2,2022
Jehu Rudeforth,UK,85% Dark Bars,2022-07-07,5502.0,64,-0.036655432797939536,7,2022
Oby Sorrel,UK,70% Dark Bites,2022-03-16,6223.0,181,0.13917392646890453,3,2022
Kelci Walkden,UK,99% Dark & Pure,2022-08-12,3507.0,114,-0.5231735628081392,8,2022
Gigi Bohling,New Zealand,After Nines,2022-01-21,5600.0,181,-0.012756296586912186,1,2022
Oby Sorrel,Australia,50% Dark Bites,2022-05-06,721.0,151,-1.2025918636644881,5,2022
Oby Sorrel,Canada,50% Dark Bites,2022-06-24,6615.0,137,0.23477047131301393,6,2022
Barr Faughny,USA,White Choc,2022-05-05,7420.0,163,0.4310848044750243,5,2022
Rafaelita Blaksland,New Zealand,99% Dark & Pure,2022-03-25,3164.0,84,-0.6068205395467349,3,2022
Curtice Advani,Australia,Caramel Stuffed Bars,2022-02-14,9114.0,140,0.8441984446942113,2,2022
Curtice Advani,New Zealand,85% Dark Bars,2022-05-12,5404.0,187,-0.060554569008966885,5,2022
Barr Faughny,New Zealand,Smooth Sliky Salty,2022-01-25,3990.0,169,-0.40538496291093296,1,2022
Ches Bonnell,UK,85% Dark Bars,2022-06-28,14924.0,12,2.261075805776547,6,2022
Dennison Crosswaite,Australia,Drinking Coco,2022-07-13,7091.0,194,0.3508519900522896,7,2022
Roddy Speechley,USA,Milk Bars,2022-05-16,2807.0,252,-0.6938816786011917,5,2022
Jan Morforth,India,After Nines,2022-03-14,6496.0,168,0.20575009162819502,3,2022
Gunar Cockshoot,USA,After Nines,2022-08-15,3738.0,261,-0.46683988459643183,8,2022
Ches Bonnell,India,Orange Choco,2022-02-16,1190.0,256,-1.088217426083143,2,2022
Mallorie Waber,UK,Manuka Honey Choco,2022-06-15,8379.0,43,0.6649549231115063,6,2022
Barr Faughny,Australia,Raspberry Choco,2022-05-27,9268.0,100,0.8817542301686829,5,2022
Wilone O'Kielt,USA,Drinking Coco,2022-06-14,1029.0,98,-1.127480292715545,6,2022
Wilone O'Kielt,India,Eclairs,2022-02-25,3549.0,76,-0.512931075860556,2,2022
Wilone O'Kielt,India,After Nines,2022-08-04,12026.0,262,1.5543442063933097,8,2022
Kelci Walkden,India,99% Dark & Pure,2022-06-28,2303.0,244,-0.8167915219721894,6,2022
Gunar Cockshoot,Canada,Spicy Special Slims,2022-04-05,13405.0,12,1.8906391945056231,4,2022
Madelene Upcott,Canada,Peanut Butter Cubes,2022-07-05,14763.0,113,2.221812939144145,7,2022
Kaine Padly,New Zealand,Eclairs,2022-01-20,12894.0,48,1.7660222699766948,1,2022
Ches Bonnell,New Zealand,Drinking Coco,2022-02-16,8302.0,131,0.6461770303742704,2,2022
Curtice Advani,UK,Drinking Coco,2022-07-12,455.0,174,-1.267460947665848,7,2022
Kelci Walkden,India,Raspberry Choco,2022-06-16,8183.0,254,0.6171566506894516,6,2022
Dotty Strutley,Australia,Choco Coated Almonds,2022-04-13,1645.0,284,-0.9772571508176588,4,2022
Kaine Padly,UK,50% Dark Bites,2022-02-21,3143.0,67,-0.6119417830205265,2,2022
Roddy Speechley,Canada,Choco Coated Almonds,2022-05-11,5873.0,249,0.05381986857237829,5,2022
Ches Bonnell,India,50% Dark Bites,2022-04-15,11298.0,313,1.3768077659685352,4,2022
Oby Sorrel,Canada,Peanut Butter Cubes,2022-06-07,12425.0,167,1.6516478323953496,6,2022
Oby Sorrel,UK,White Choc,2022-06-27,1715.0,286,-0.9601863392383535,6,2022
Barr Faughny,India,After Nines,2022-07-29,8190.0,109,0.6188637318473821,7,2022
Wilone O'Kielt,Canada,Smooth Sliky Salty,2022-06-02,4991.0,166,-0.16127235732686787,6,2022
Rafaelita Blaksland,India,Mint Chip Choco,2022-01-26,15491.0,85,2.39934937956892,1,2022
Rafaelita Blaksland,Canada,99% Dark & Pure,2022-03-02,5096.0,142,-0.13566613995791,3,2022
Van Tuxwell,Australia,70% Dark Bites,2022-01-10,7063.0,104,0.34402366542056756,1,2022
Beverie Moffet,USA,70% Dark Bites,2022-06-27,2275.0,115,-0.8236198466039115,6,2022
Barr Faughny,Canada,Orange Choco,2022-06-30,7602.0,18,0.475468914581218,6,2022
Roddy Speechley,Australia,85% Dark Bars,2022-07-08,4200.0,80,-0.3541725281730172,7,2022
Oby Sorrel,India,Spicy Special Slims,2022-06-08,11137.0,88,1.337544899336133,6,2022
Jan Morforth,UK,Manuka Honey Choco,2022-08-18,3388.0,212,-0.5521939424929581,8,2022
Kaine Padly,Australia,After Nines,2022-04-08,6832.0,306,0.2876899872088602,4,2022
Wilone O'Kielt,Canada,Fruit & Nut Bars,2022-08-08,3437.0,181,-0.5402443743874444,8,2022
Wilone O'Kielt,UK,Milk Bars,2022-08-26,301.0,65,-1.3050167331403195,8,2022
Oby Sorrel,Canada,Fruit & Nut Bars,2022-01-14,1869.0,158,-0.922630553763882,1,2022
Dennison Crosswaite,USA,Baker's Choco Chips,2022-08-11,17465.0,271,2.880746266105328,8,2022
Madelene Upcott,USA,Almond Choco,2022-05-31,10143.0,24,1.0951393749099985,5,2022
Van Tuxwell,New Zealand,50% Dark Bites,2022-07-11,3626.0,10,-0.49415318312332024,7,2022
Karlen McCaffrey,Canada,Caramel Stuffed Bars,2022-03-02,3346.0,304,-0.5624364294405412,3,2022
Madelene Upcott,Australia,Raspberry Choco,2022-07-13,6321.0,88,0.16307306267993188,7,2022
Rafaelita Blaksland,UK,Spicy Special Slims,2022-08-03,9345.0,133,0.9005321229059187,8,2022
Curtice Advani,UK,Peanut Butter Cubes,2022-03-01,15008.0,165,2.2815607796717137,3,2022
Kelci Walkden,New Zealand,White Choc,2022-04-13,7609.0,150,0.4771759957391485,4,2022
Beverie Moffet,Canada,Fruit & Nut Bars,2022-02-14,10332.0,180,1.1412305661741227,2,2022
Mallorie Waber,India,White Choc,2022-07-26,819.0,213,-1.1786927274534607,7,2022
Brien Boise,UK,Drinking Coco,2022-01-27,5754.0,133,0.024799488887559364,1,2022
Jehu Rudeforth,India,Peanut Butter Cubes,2022-04-14,28.0,446,-1.3715928982996102,4,2022
Oby Sorrel,USA,Almond Choco,2022-05-19,6440.0,141,0.19209344236475082,5,2022
Husein Augar,India,Eclairs,2022-02-09,4956.0,58,-0.1698077631165205,2,2022
Brien Boise,UK,Spicy Special Slims,2022-05-25,2352.0,58,-0.8048419538666758,5,2022
Oby Sorrel,Australia,Manuka Honey Choco,2022-01-26,3906.0,76,-0.42586993680609925,1,2022
Beverie Moffet,India,White Choc,2022-07-04,1813.0,296,-0.9362872030273262,7,2022
Ches Bonnell,India,Almond Choco,2022-04-13,11788.0,73,1.4963034470236718,4,2022
Gigi Bohling,Australia,Smooth Sliky Salty,2022-01-25,5768.0,119,0.028213651203420415,1,2022
Camilla Castle,USA,85% Dark Bars,2022-04-25,2401.0,78,-0.792892385761162,4,2022
Camilla Castle,USA,Eclairs,2022-06-10,4515.0,392,-0.27735387606614353,6,2022
Madelene Upcott,New Zealand,White Choc,2022-08-22,10794.0,51,1.2538979225975373,8,2022
Van Tuxwell,India,After Nines,2022-06-27,13706.0,207,1.9640436842966358,6,2022
Husein Augar,India,Orange Choco,2022-06-30,4361.0,40,-0.3149096615406151,6,2022
Jehu Rudeforth,India,Almond Choco,2022-08-30,10122.0,100,1.090018131436207,8,2022
Karlen McCaffrey,Australia,Raspberry Choco,2022-08-23,994.0,57,-1.1360156985051977,8,2022
Camilla Castle,New Zealand,99% Dark & Pure,2022-08-26,2268.0,42,-0.825326927761842,8,2022
Gigi Bohling,Australia,Orange Choco,2022-03-09,574.0,156,-1.238440567981029,3,2022
Kelci Walkden,UK,Drinking Coco,2022-04-20,1792.0,23,-0.9414084465011178,4,2022
Mallorie Waber,Canada,Caramel Stuffed Bars,2022-06-10,4844.0,539,-0.1971210616434089,6,2022
Husein Augar,Australia,Organic Choco Syrup,2022-02-08,938.0,158,-1.149672347768642,2,2022
Brien Boise,Australia,White Choc,2022-08-25,4879.0,22,-0.18858565585375625,8,2022
Dotty Strutley,India,Peanut Butter Cubes,2022-02-16,9107.0,73,0.8424913635362808,2,2022
Dennison Crosswaite,UK,99% Dark & Pure,2022-05-30,12187.0,27,1.593607073025712,5,2022
Gigi Bohling,New Zealand,50% Dark Bites,2022-06-29,5670.0,64,0.004314514992393064,6,2022
Gigi Bohling,USA,Milk Bars,2022-06-16,476.0,133,-1.2623397041920565,6,2022
Brien Boise,UK,Caramel Stuffed Bars,2022-03-04,2681.0,149,-0.7246091394439411,3,2022
Curtice Advani,New Zealand,Peanut Butter Cubes,2022-03-15,1533.0,434,-1.004570449344547,3,2022
Curtice Advani,New Zealand,50% Dark Bites,2022-01-27,9765.0,85,1.00295699238175,1,2022
Beverie Moffet,Canada,Drinking Coco,2022-07-05,994.0,118,-1.1360156985051977,7,2022
Barr Faughny,USA,Caramel Stuffed Bars,2022-03-29,3318.0,299,-0.5692647540722633,3,2022
Mallorie Waber,Canada,Almond Choco,2022-05-12,4214.0,35,-0.35075836585715614,5,2022
Oby Sorrel,USA,Drinking Coco,2022-03-11,7714.0,44,0.5027822131081063,3,2022
Brien Boise,New Zealand,Eclairs,2022-07-11,4690.0,299,-0.23467684711788042,7,2022
Gunar Cockshoot,New Zealand,Choco Coated Almonds,2022-08-01,13062.0,62,1.8069922177670275,8,2022
Gunar Cockshoot,UK,Spicy Special Slims,2022-02-16,12488.0,200,1.6670115628167244,2,2022
Curtice Advani,USA,After Nines,2022-04-13,14147.0,235,2.071589797246259,4,2022
Oby Sorrel,India,Choco Coated Almonds,2022-02-14,49.0,363,-1.3664716548258184,2,2022
Ches Bonnell,Australia,Peanut Butter Cubes,2022-03-14,10199.0,68,1.1087960241734427,3,2022
Oby Sorrel,Australia,Spicy Special Slims,2022-04-26,11389.0,26,1.398999821021632,4,2022
Jehu Rudeforth,Canada,Manuka Honey Choco,2022-04-05,3584.0,200,-0.5043956700709034,4,2022
Camilla Castle,Canada,Drinking Coco,2022-03-03,12481.0,264,1.6653044816587939,3,2022
Kaine Padly,USA,Spicy Special Slims,2022-06-13,2107.0,175,-0.8645897943942441,6,2022
Marney O'Breen,New Zealand,70% Dark Bites,2022-02-14,8603.0,352,0.719581520165283,2,2022
Roddy Speechley,New Zealand,99% Dark & Pure,2022-04-18,7483.0,183,0.446448534896399,4,2022
Oby Sorrel,New Zealand,85% Dark Bars,2022-02-01,3381.0,417,-0.5539010236508886,2,2022
Dotty Strutley,New Zealand,Orange Choco,2022-08-04,2030.0,146,-0.88336768713148,8,2022
Andria Kimpton,New Zealand,Almond Choco,2022-04-05,6559.0,158,0.22111382204956972,4,2022
Karlen McCaffrey,Australia,99% Dark & Pure,2022-01-26,10822.0,168,1.2607262472292595,1,2022
Kaine Padly,UK,After Nines,2022-01-21,18697.0,176,3.1811925499011005,1,2022
Kaine Padly,Canada,After Nines,2022-08-22,5845.0,172,0.04699154394065619,8,2022
Kaine Padly,UK,Drinking Coco,2022-01-27,2317.0,224,-0.8133773596563284,1,2022
Rafaelita Blaksland,UK,50% Dark Bites,2022-02-16,10150.0,68,1.096846456067929,2,2022
Dotty Strutley,USA,Raspberry Choco,2022-01-03,3437.0,46,-0.5402443743874444,1,2022
Karlen McCaffrey,USA,White Choc,2022-08-24,4592.0,2,-0.2585759833289078,8,2022
Oby Sorrel,USA,Spicy Special Slims,2022-02-07,5691.0,417,0.009435758466184638,2,2022
Mallorie Waber,Australia,Smooth Sliky Salty,2022-02-11,4158.0,109,-0.3644150151206003,2,2022
Kaine Padly,Canada,Organic Choco Syrup,2022-03-29,5684.0,81,0.007728677308254114,3,2022
Marney O'Breen,USA,Peanut Butter Cubes,2022-06-15,693.0,350,-1.2094201882962101,6,2022
Dennison Crosswaite,UK,Smooth Sliky Salty,2022-04-26,546.0,142,-1.2452688926127513,4,2022
Brien Boise,Australia,Organic Choco Syrup,2022-07-15,4263.0,264,-0.33880879775164247,7,2022
Beverie Moffet,India,Organic Choco Syrup,2022-06-23,1036.0,20,-1.1257732115576145,6,2022
Dennison Crosswaite,Australia,Baker's Choco Chips,2022-01-11,13846.0,421,1.9981853074552465,1,2022
Beverie Moffet,UK,50% Dark Bites,2022-02-09,2499.0,271,-0.7689932495501347,2,2022
Van Tuxwell,UK,Almond Choco,2022-06-06,10689.0,204,1.2282917052285796,6,2022
Dotty Strutley,UK,Caramel Stuffed Bars,2022-08-10,5768.0,235,0.028213651203420415,8,2022
Wilone O'Kielt,Australia,Smooth Sliky Salty,2022-01-04,2226.0,46,-0.8355694147094253,1,2022
Andria Kimpton,Canada,70% Dark Bites,2022-04-08,10262.0,15,1.1241597545948174,4,2022
Barr Faughny,UK,Milk Bars,2022-03-02,3864.0,430,-0.43611242375368237,3,2022
Van Tuxwell,Canada,Drinking Coco,2022-06-15,4900.0,709,-0.1834644123799647,6,2022
Jehu Rudeforth,Australia,After Nines,2022-02-14,5250.0,47,-0.09811035448343844,2,2022
Husein Augar,UK,After Nines,2022-07-05,3507.0,380,-0.5231735628081392,7,2022
Barr Faughny,India,Mint Chip Choco,2022-01-12,7413.0,465,0.4293777233170938,1,2022
Curtice Advani,India,Mint Chip Choco,2022-03-03,8155.0,96,0.6103283260577295,3,2022
Jehu Rudeforth,New Zealand,Milk Bars,2022-05-18,2478.0,188,-0.7741144930239263,5,2022
Gunar Cockshoot,India,Caramel Stuffed Bars,2022-07-28,2471.0,202,-0.7758215741818568,7,2022
Curtice Advani,UK,Manuka Honey Choco,2022-02-07,1666.0,106,-0.9721359073438672,2,2022
Andria Kimpton,India,Orange Choco,2022-05-30,301.0,421,-1.3050167331403195,5,2022
Mallorie Waber,Australia,Raspberry Choco,2022-04-25,8400.0,27,0.6700761665852978,4,2022
Beverie Moffet,Canada,85% Dark Bars,2022-02-16,6139.0,45,0.11868895257373824,2,2022
Kelci Walkden,Australia,Drinking Coco,2022-05-04,1288.0,60,-1.0643182898721155,5,2022
Van Tuxwell,Canada,70% Dark Bites,2022-06-02,7077.0,77,0.34743782773642856,6,2022
Dennison Crosswaite,USA,Caramel Stuffed Bars,2022-07-11,2317.0,464,-0.8133773596563284,7,2022
Beverie Moffet,New Zealand,Spicy Special Slims,2022-06-07,63.0,60,-1.3630574925099574,6,2022
Jan Morforth,UK,Almond Choco,2022-07-06,9744.0,157,0.9978357489079586,7,2022
Husein Augar,India,Raspberry Choco,2022-06-15,9954.0,154,1.0490481836458743,6,2022
Dotty Strutley,India,Mint Chip Choco,2022-04-14,1260.0,239,-1.0711466145038377,4,2022
Camilla Castle,India,Drinking Coco,2022-08-08,469.0,163,-1.264046785349987,8,2022
Marney O'Breen,UK,Drinking Coco,2022-03-29,973.0,28,-1.1411369419789892,3,2022
Roddy Speechley,Australia,Organic Choco Syrup,2022-07-04,3647.0,76,-0.4890319396495287,7,2022
Ches Bonnell,India,99% Dark & Pure,2022-02-16,455.0,96,-1.267460947665848,2,2022
Rafaelita Blaksland,Canada,Spicy Special Slims,2022-05-02,2520.0,156,-0.7638720060763432,5,2022
Van Tuxwell,India,Eclairs,2022-07-21,10500.0,106,1.1822005139644554,7,2022
Gunar Cockshoot,Australia,99% Dark & Pure,2022-08-18,7952.0,235,0.5608229724777442,8,2022
Kaine Padly,USA,85% Dark Bars,2022-06-22,483.0,259,-1.260632623034126,6,2022
Camilla Castle,UK,Peanut Butter Cubes,2022-07-19,4872.0,126,-0.19029273701168678,7,2022
Madelene Upcott,UK,Peanut Butter Cubes,2022-08-12,7756.0,85,0.5130247000556895,8,2022
Madelene Upcott,USA,Choco Coated Almonds,2022-06-07,5446.0,132,-0.05031208206138373,6,2022
Marney O'Breen,Canada,Peanut Butter Cubes,2022-03-08,6594.0,91,0.22964922783922237,3,2022
Ches Bonnell,Australia,Choco Coated Almonds,2022-04-08,1470.0,167,-1.0199341797659218,4,2022
Curtice Advani,Canada,Eclairs,2022-05-06,721.0,203,-1.2025918636644881,5,2022
Roddy Speechley,India,Drinking Coco,2022-05-31,4494.0,11,-0.28247511953993515,5,2022
Van Tuxwell,Australia,Mint Chip Choco,2022-01-13,2674.0,295,-0.7263162206018716,1,2022
Dennison Crosswaite,USA,70% Dark Bites,2022-03-15,658.0,77,-1.2179555940858628,3,2022
Andria Kimpton,Canada,Peanut Butter Cubes,2022-02-16,1127.0,319,-1.1035811565045177,2,2022
Gigi Bohling,USA,70% Dark Bites,2022-01-14,7364.0,196,0.4174281552115801,1,2022
Rafaelita Blaksland,Australia,White Choc,2022-03-21,6818.0,102,0.2842758248929992,3,2022
Roddy Speechley,Canada,Drinking Coco,2022-05-17,6776.0,312,0.274033337945416,5,2022
Camilla Castle,New Zealand,85% Dark Bars,2022-08-08,15099.0,55,2.3037528347248104,8,2022
Madelene Upcott,Canada,Milk Bars,2022-04-26,3612.0,82,-0.4975673454391813,4,2022
Madelene Upcott,Australia,70% Dark Bites,2022-04-15,3710.0,260,-0.47366820922815395,4,2022
Oby Sorrel,Canada,Eclairs,2022-05-19,6111.0,591,0.11186062794201614,5,2022
Dennison Crosswaite,Canada,Drinking Coco,2022-01-10,2702.0,24,-0.7194878959701495,1,2022
Mallorie Waber,New Zealand,After Nines,2022-05-04,483.0,228,-1.260632623034126,5,2022
Roddy Speechley,Canada,White Choc,2022-04-05,5887.0,268,0.05723403088823934,4,2022
Andria Kimpton,India,After Nines,2022-01-17,952.0,68,-1.1462581854527807,1,2022
Roddy Speechley,India,Spicy Special Slims,2022-03-22,10647.0,173,1.2180492182809963,3,2022
Dotty Strutley,Australia,White Choc,2022-07-05,6055.0,93,0.09820397867857193,7,2022
Oby Sorrel,Canada,Orange Choco,2022-04-27,8757.0,338,0.7571373056397546,4,2022
Kaine Padly,Canada,Almond Choco,2022-08-12,6055.0,73,0.09820397867857193,8,2022
Jan Morforth,UK,Baker's Choco Chips,2022-03-11,721.0,251,-1.2025918636644881,3,2022
Jehu Rudeforth,UK,Fruit & Nut Bars,2022-05-13,8589.0,229,0.716167357849422,5,2022
Dennison Crosswaite,USA,Smooth Sliky Salty,2022-05-12,11781.0,91,1.4945963658657413,5,2022
Brien Boise,USA,Raspberry Choco,2022-01-12,672.0,194,-1.2145414317700018,1,2022
Madelene Upcott,New Zealand,Milk Bars,2022-03-29,12558.0,403,1.6840823743960296,3,2022
Roddy Speechley,India,50% Dark Bites,2022-03-14,8337.0,12,0.654712436163923,3,2022
Barr Faughny,New Zealand,99% Dark & Pure,2022-05-24,8134.0,195,0.6052070825839378,5,2022
Dennison Crosswaite,Canada,Organic Choco Syrup,2022-01-28,8491.0,75,0.6922682216383946,1,2022
Beverie Moffet,India,Almond Choco,2022-05-24,3066.0,96,-0.6307196757577622,5,2022
Brien Boise,Australia,Peanut Butter Cubes,2022-08-19,301.0,205,-1.3050167331403195,8,2022
Karlen McCaffrey,Australia,Spicy Special Slims,2022-05-17,4410.0,323,-0.30296009343510144,5,2022
Jehu Rudeforth,USA,White Choc,2022-06-07,6559.0,119,0.22111382204956972,6,2022
Ches Bonnell,Canada,Organic Choco Syrup,2022-07-26,574.0,217,-1.238440567981029,7,2022
Dotty Strutley,India,Eclairs,2022-07-28,2086.0,384,-0.8697110378680357,7,2022
Karlen McCaffrey,India,70% Dark Bites,2022-05-23,5075.0,344,-0.14078738343170155,5,2022
